customer_id,age,annual_income,annual_spend,purchase_frequency,recency_days,avg_order_value,discount_usage_rate,tenure_months,web_visits_per_month,preferred_category,gender
CUST00001,58,97418.56,4048.3,18,19,224.91,0.06,31,6.0,Home,Female
CUST00002,26,55280.17,169.79,2,14,84.9,0.39,2,12.0,Apparel,Female
CUST00003,52,79033.91,2402.29,20,14,120.11,0.16,116,13.0,Grocery,Male
CUST00004,20,52575.61,72.7,1,130,72.7,0.25,44,12.0,Apparel,Female
CUST00005,43,25268.76,517.76,3,27,172.59,0.77,18,8.0,Grocery,Other
CUST00006,36,57216.21,447.29,3,11,149.1,0.71,41,4.0,Grocery,Male
CUST00007,39,40815.13,465.93,10,16,46.59,0.76,16,7.0,Grocery,Female
CUST00008,30,31309.01,325.44,3,32,108.48,0.5,1,5.0,Apparel,Female
CUST00009,49,87274.65,1761.24,23,5,76.58,0.2,43,12.0,Home,Male
CUST00010,53,70524.51,2423.29,19,19,127.54,0.19,35,11.0,Apparel,Female
CUST00011,29,51255.91,265.15,5,69,53.03,0.66,14,9.0,Grocery,Other
CUST00012,32,55197.74,190.05,2,12,95.02,0.63,0,13.0,Apparel,Female
CUST00013,41,72677.39,1559.36,29,3,53.77,0.24,82,10.0,Grocery,Female
CUST00014,42,53773.35,424.42,4,52,106.11,0.7,44,6.0,Grocery,Male
CUST00015,27,36474.54,476.09,8,81,59.51,0.82,4,8.0,Apparel,Female
CUST00016,37,35323.94,474.74,8,84,59.34,0.65,54,10.0,Grocery,Female
CUST00017,43,96236.99,6227.19,13,16,479.01,0.21,33,9.0,Luxury,Male
CUST00018,32,70336.61,20.0,4,139,10.0,0.46,15,13.0,Electronics,Female
CUST00019,63,69563.51,130.6,2,77,65.3,0.36,13,14.0,Apparel,Male
CUST00020,39,99193.56,4662.19,12,29,388.52,0.06,41,9.0,Home,Female
CUST00021,40,78607.46,1848.73,21,9,88.03,0.34,38,13.0,Apparel,Male
CUST00022,37,25054.31,495.01,8,58,61.88,0.79,34,7.0,Grocery,Female
CUST00023,54,93926.51,5675.21,13,17,436.55,0.0,29,6.0,Luxury,Male
CUST00024,36,95027.29,4981.29,16,9,311.33,0.08,75,9.0,Luxury,Female
CUST00025,22,57942.51,131.85,2,103,65.92,0.33,3,11.0,Apparel,Female
CUST00026,30,68353.02,2404.39,11,4,218.58,0.39,116,14.0,Home,Female
CUST00027,44,32115.76,598.33,10,79,59.83,0.6,8,7.0,Grocery,Female
CUST00028,44,55900.44,51.13,4,81,12.78,0.4,22,16.0,Electronics,Female
CUST00029,55,48421.19,273.3,5,80,54.66,0.21,27,17.0,Home,Male
CUST00030,23,37799.78,548.13,5,17,109.63,0.69,4,8.0,Grocery,Female
CUST00031,57,48809.94,2239.75,18,2,124.43,0.24,25,12.0,Home,Female
CUST00032,44,33490.81,400.69,4,13,100.17,0.75,40,9.0,Grocery,Female
CUST00033,35,34750.38,310.52,7,14,44.36,0.59,21,4.0,Grocery,Female
CUST00034,28,64358.86,204.15,1,26,204.15,0.35,1,13.0,Electronics,Female
CUST00035,25,75887.7,159.43,4,24,39.86,0.65,0,6.0,Apparel,Female
CUST00036,32,37925.37,1865.02,24,5,77.71,0.26,119,5.0,Grocery,Male
CUST00037,46,129920.95,3518.88,15,18,234.59,0.0,41,11.0,Luxury,Male
CUST00038,39,31751.84,405.54,6,19,67.59,0.64,40,6.0,Apparel,Male
CUST00039,46,76303.69,2085.51,17,7,122.68,0.35,70,9.0,Home,Male
CUST00040,57,35596.62,198.73,1,145,198.73,0.5,25,23.0,Apparel,Female
CUST00041,36,28431.22,445.23,6,39,74.21,0.85,47,11.0,Apparel,Male
CUST00042,44,47280.38,91.18,2,149,45.59,0.54,12,18.0,Home,Female
CUST00043,32,43073.93,507.03,6,35,84.51,0.66,21,1.0,Grocery,Female
CUST00044,30,52173.4,136.42,2,16,68.21,0.39,3,8.0,Apparel,Male
CUST00045,35,121065.45,3755.62,14,23,268.26,0.18,23,9.0,Home,Male
CUST00046,52,74657.87,2001.87,19,16,105.36,0.15,38,11.0,Grocery,Male
CUST00047,45,116075.61,2960.98,16,22,185.06,0.07,56,16.0,Luxury,Male
CUST00048,46,33996.92,20.0,4,98,10.0,0.4,1,18.0,Apparel,Female
CUST00049,61,60929.64,134.12,2,167,67.06,0.22,22,12.0,Home,Female
CUST00050,37,29446.0,217.62,4,66,54.4,0.64,50,8.0,Grocery,Female
CUST00051,22,36675.21,276.71,4,41,69.18,0.31,0,8.0,Electronics,Male
CUST00052,33,79718.48,1647.68,19,16,86.72,0.16,97,12.0,Home,Male
CUST00053,32,66766.72,225.7,1,32,225.7,0.4,3,6.0,Apparel,Male
CUST00054,25,60597.32,212.22,2,23,106.11,0.63,1,5.0,Electronics,Female
CUST00055,25,48290.17,282.48,2,143,141.24,0.42,2,13.0,Home,Female
CUST00056,25,80524.01,238.28,1,8,238.28,0.66,3,12.0,Electronics,Other
CUST00057,44,41119.09,357.32,2,35,178.66,0.53,5,11.0,Apparel,Male
CUST00058,37,44724.96,515.61,3,56,171.87,0.58,11,11.0,Grocery,Male
CUST00059,22,33926.44,543.3,5,62,108.66,0.76,14,7.0,Grocery,Female
CUST00060,43,132141.61,4091.66,14,14,292.26,0.12,30,9.0,Home,Female
CUST00061,54,120262.12,3966.41,17,23,233.32,0.13,24,14.0,Luxury,Male
CUST00062,37,75995.9,4675.47,18,9,259.75,0.07,46,7.0,Electronics,Male
CUST00063,57,49235.84,1626.45,24,5,67.77,0.18,90,12.0,Home,Female
CUST00064,32,123065.66,6618.78,13,12,509.14,0.12,20,9.0,Luxury,Male
CUST00065,58,138031.31,5198.15,9,12,577.57,0.12,71,8.0,Home,Female
CUST00066,55,53417.05,165.25,2,67,82.63,0.3,42,27.0,Electronics,Female
CUST00067,24,27696.42,134.23,7,58,19.18,0.59,42,6.0,Grocery,Male
CUST00068,40,67890.46,1839.6,19,13,96.82,0.22,42,11.0,Home,Male
CUST00069,37,46415.6,332.53,3,39,110.84,0.6,23,6.0,Grocery,Male
CUST00070,34,56143.09,203.17,3,10,67.72,0.5,2,9.0,Apparel,Female
CUST00071,28,69394.29,1530.96,27,6,56.7,0.35,77,16.0,Grocery,Male
CUST00072,27,35873.84,622.01,11,65,56.55,0.57,7,4.0,Grocery,Male
CUST00073,32,48189.12,390.21,7,59,55.74,0.69,56,7.0,Grocery,Female
CUST00074,48,79852.87,1696.58,17,4,99.8,0.4,96,21.0,Grocery,Female
CUST00075,31,71743.75,1939.04,20,19,96.95,0.21,55,14.0,Home,Male
CUST00076,48,72855.62,1972.88,18,3,109.6,0.15,34,9.0,Home,Female
CUST00077,49,99449.68,2194.58,16,5,137.16,0.24,59,17.0,Home,Male
CUST00078,43,46686.29,461.76,5,21,92.35,0.89,51,11.0,Grocery,Male
CUST00079,43,66007.79,2658.8,15,7,177.25,0.24,53,8.0,Electronics,Female
CUST00080,26,56665.96,473.07,6,30,78.85,0.64,2,8.0,Grocery,Female
CUST00081,22,42302.22,263.19,6,9,43.87,0.59,1,7.0,Electronics,Male
CUST00082,43,61977.16,1917.66,25,6,76.71,0.12,89,14.0,Grocery,Male
CUST00083,32,126589.5,4025.56,12,1,335.46,0.14,35,9.0,Electronics,Male
CUST00084,44,36905.73,580.78,7,39,82.97,0.71,13,9.0,Grocery,Male
CUST00085,47,129101.93,3270.42,17,11,192.38,0.21,24,16.0,Electronics,Male
CUST00086,48,115307.25,3675.52,14,27,262.54,0.21,60,12.0,Home,Male
CUST00087,44,77567.82,1855.21,17,19,109.13,0.29,65,7.0,Grocery,Male
CUST00088,30,51819.25,1726.69,18,7,95.93,0.33,105,12.0,Home,Female
CUST00089,23,62469.34,212.42,2,34,106.21,0.46,3,10.0,Apparel,Male
CUST00090,61,59475.66,129.21,3,73,43.07,0.37,25,18.0,Home,Female
CUST00091,32,49295.01,383.89,5,51,76.78,0.81,30,8.0,Grocery,Male
CUST00092,40,81383.08,2036.94,19,4,107.21,0.37,52,9.0,Home,Male
CUST00093,50,83887.2,2420.48,20,11,121.02,0.39,51,15.0,Home,Male
CUST00094,43,48093.9,249.18,3,154,83.06,0.47,43,13.0,Electronics,Female
CUST00095,41,56752.88,1745.46,31,15,56.31,0.21,44,18.0,Home,Female
CUST00096,48,33640.64,158.67,1,92,158.67,0.25,11,12.0,Electronics,Female
CUST00097,35,61388.31,181.53,1,67,181.53,0.51,36,12.0,Electronics,Female
CUST00098,41,63434.75,213.38,4,102,53.35,0.22,42,13.0,Home,Female
CUST00099,26,33541.76,275.18,1,18,275.18,0.56,55,12.0,Grocery,Female
CUST00100,25,31568.22,539.53,7,85,77.08,0.8,19,10.0,Grocery,Male
CUST00101,35,17166.29,473.87,9,32,52.65,0.87,31,2.0,Grocery,Male
CUST00102,32,59870.11,2025.97,16,3,126.62,0.36,109,9.0,Home,Male
CUST00103,52,127074.49,4412.69,18,19,245.15,0.05,52,13.0,Luxury,Male
CUST00104,48,56998.86,40.06,2,76,20.03,0.44,47,9.0,Electronics,Female
CUST00105,26,35530.85,201.9,1,6,201.9,0.67,2,4.0,Apparel,Female
CUST00106,41,46465.66,562.51,8,44,70.31,0.5,58,10.0,Grocery,Other
CUST00107,52,57807.46,198.39,2,81,99.2,0.47,37,8.0,Home,Male
CUST00108,50,66830.12,1850.19,21,11,88.1,0.16,35,13.0,Home,Female
CUST00109,43,32171.64,296.63,3,56,98.88,0.65,33,8.0,Grocery,Other
CUST00110,31,36156.79,339.09,6,44,56.52,0.61,24,7.0,Grocery,Male
CUST00111,44,150916.35,4893.94,16,27,305.87,0.17,53,11.0,Electronics,Female
CUST00112,25,42411.81,490.87,5,77,98.17,0.87,9,8.0,Grocery,Female
CUST00113,38,48422.33,302.6,1,9,302.6,0.48,2,9.0,Apparel,Female
CUST00114,32,58376.38,1142.89,16,16,71.43,0.12,71,10.0,Grocery,Male
CUST00115,40,65361.49,2264.09,20,14,113.2,0.19,104,18.0,Home,Female
CUST00116,18,53645.82,292.16,3,38,97.39,0.47,3,11.0,Apparel,Female
CUST00117,30,96489.14,1443.61,17,16,84.92,0.25,97,19.0,Home,Male
CUST00118,40,35349.53,376.53,6,34,62.76,0.83,46,11.0,Apparel,Male
CUST00119,34,43881.7,20.0,1,9,12.59,0.36,0,13.0,Electronics,Female
CUST00120,64,51744.74,155.32,2,178,77.66,0.3,19,13.0,Electronics,Other
CUST00121,36,49796.23,1142.03,20,15,57.1,0.33,52,12.0,Apparel,Male
CUST00122,33,51597.81,250.14,4,13,62.54,0.46,0,18.0,Apparel,Male
CUST00123,58,116674.56,3932.15,19,21,206.96,0.1,62,7.0,Home,Female
CUST00124,29,33146.4,475.35,7,73,67.91,0.74,55,6.0,Grocery,Male
CUST00125,23,40148.27,631.56,7,73,90.22,0.79,59,11.0,Grocery,Male
CUST00126,33,45545.31,99.36,1,153,99.36,0.55,10,15.0,Apparel,Male
CUST00127,39,46544.63,1074.19,31,6,34.65,0.26,90,19.0,Grocery,Female
CUST00128,38,37840.21,290.12,2,15,145.06,0.63,3,6.0,Apparel,Female
CUST00129,42,45840.75,492.71,7,17,70.39,0.6,54,10.0,Grocery,Other
CUST00130,28,73221.96,132.19,2,94,66.1,0.21,31,18.0,Home,Female
CUST00131,32,51930.67,180.39,3,127,60.13,0.6,19,14.0,Apparel,Female
CUST00132,40,35484.75,564.99,11,36,51.36,0.77,18,6.0,Grocery,Male
CUST00133,28,28352.0,494.82,5,42,98.96,0.74,43,12.0,Grocery,Male
CUST00134,58,93851.29,4065.9,15,16,271.06,0.17,12,12.0,Home,Male
CUST00135,26,53037.98,302.03,3,20,100.68,0.44,0,8.0,Apparel,Female
CUST00136,39,,3506.08,10,12,350.61,0.07,16,,Electronics,Female
CUST00137,56,33775.36,76.01,2,63,38.0,0.26,38,20.0,Apparel,Male
CUST00138,50,83914.97,2325.2,15,10,155.01,0.25,47,13.0,Home,Female
CUST00139,52,109184.88,4370.31,16,2,273.14,0.11,18,8.0,Home,Male
CUST00140,27,54725.57,27.23,4,18,10.0,0.49,0,10.0,Electronics,Female
CUST00141,36,51131.7,392.75,5,38,78.55,0.64,0,9.0,Electronics,Female
CUST00142,56,134764.76,3410.71,15,20,227.38,0.17,46,7.0,Luxury,Male
CUST00143,21,63022.26,278.32,1,156,278.32,0.42,13,9.0,Home,Female
CUST00144,43,124025.11,4363.45,17,5,256.67,0.12,66,6.0,Luxury,Male
CUST00145,36,106533.58,4746.58,16,11,296.66,0.01,26,7.0,Luxury,Male
CUST00146,42,21327.1,656.96,3,18,218.99,0.63,12,7.0,Apparel,Female
CUST00147,44,75900.67,1300.43,28,6,46.44,0.11,87,11.0,Grocery,Female
CUST00148,41,62581.06,195.67,2,161,97.83,0.32,38,18.0,Apparel,Other
CUST00149,41,41763.79,683.74,5,37,136.75,0.6,18,10.0,Grocery,Male
CUST00150,32,106262.08,2732.57,16,8,170.79,0.14,72,8.0,Home,Male
CUST00151,20,57625.35,108.26,3,23,36.09,0.42,3,7.0,Electronics,Male
CUST00152,27,40555.21,465.52,6,56,77.59,0.51,27,8.0,Apparel,Female
CUST00153,34,36328.0,373.14,8,48,46.64,0.57,59,7.0,Grocery,Female
CUST00154,42,48795.92,331.02,2,122,165.51,0.48,42,15.0,Apparel,Male
CUST00155,34,35788.34,239.73,4,8,59.93,0.62,1,6.0,Apparel,Male
CUST00156,36,18093.38,371.01,6,24,61.84,0.75,43,6.0,Grocery,Female
CUST00157,34,65486.96,1698.92,18,14,94.38,0.18,102,11.0,Grocery,Male
CUST00158,57,65864.37,1611.64,20,3,80.58,0.17,47,22.0,Grocery,Male
CUST00159,28,48963.28,621.53,9,13,69.06,0.81,6,7.0,Grocery,Female
CUST00160,44,57082.51,2217.61,16,6,138.6,0.23,88,11.0,Grocery,Other
CUST00161,32,63244.9,2969.94,12,10,247.5,0.16,52,9.0,Home,Male
CUST00162,29,67787.96,1376.68,12,9,114.72,0.12,71,8.0,Grocery,Male
CUST00163,40,56900.48,1486.77,17,10,87.46,0.38,98,11.0,Apparel,Male
CUST00164,33,53661.49,176.99,3,118,59.0,0.41,15,13.0,Apparel,Female
CUST00165,32,33273.46,528.6,6,39,88.1,0.61,14,7.0,Grocery,Male
CUST00166,54,73398.95,2103.01,23,2,91.44,0.22,39,13.0,Apparel,Female
CUST00167,51,120467.9,3906.97,20,7,195.35,0.03,43,7.0,Home,Male
CUST00168,25,41742.61,699.75,3,18,233.25,0.56,7,9.0,Grocery,Male
CUST00169,37,37031.36,454.42,3,80,151.47,0.51,50,9.0,Grocery,Female
CUST00170,28,48203.41,251.58,4,89,62.89,0.35,28,18.0,Electronics,Female
CUST00171,40,89341.74,2258.9,16,13,141.18,0.28,107,14.0,Apparel,Female
CUST00172,23,30000.8,421.54,7,36,60.22,0.75,57,7.0,Grocery,Female
CUST00173,29,56996.6,169.42,5,104,33.88,0.47,18,16.0,Home,Female
CUST00174,26,47493.88,622.36,3,23,207.45,0.55,46,6.0,Apparel,Male
CUST00175,42,80175.37,1133.44,14,8,80.96,0.37,107,13.0,Grocery,Male
CUST00176,43,33677.98,288.5,5,63,57.7,0.85,35,12.0,Grocery,Female
CUST00177,34,71998.33,2179.17,23,13,94.75,0.3,80,10.0,Home,Male
CUST00178,48,115602.21,2847.1,14,23,203.36,0.15,33,13.0,Home,Other
CUST00179,32,31412.47,245.8,2,43,122.9,0.41,1,12.0,Apparel,Male
CUST00180,35,40562.22,471.06,11,66,42.82,0.65,54,4.0,Grocery,Female
CUST00181,49,91444.32,3984.56,19,10,209.71,0.15,58,9.0,Electronics,Male
CUST00182,31,32803.85,499.27,4,61,124.82,0.62,44,5.0,Grocery,Male
CUST00183,20,46046.73,168.58,2,32,84.29,0.66,1,11.0,Electronics,Male
CUST00184,21,41519.24,309.86,1,26,309.86,0.69,0,8.0,Electronics,Male
CUST00185,36,98201.81,4959.85,9,20,551.09,0.01,49,15.0,Electronics,Female
CUST00186,54,68295.0,1322.92,16,2,82.68,0.34,45,12.0,Grocery,Female
CUST00187,41,67830.84,1388.15,17,7,81.66,0.21,94,11.0,Grocery,Female
CUST00188,32,30026.61,293.61,4,106,73.4,0.4,21,11.0,Apparel,Male
CUST00189,24,86555.1,227.71,1,166,227.71,0.44,8,12.0,Apparel,Female
CUST00190,35,,464.35,7,69,66.34,0.57,28,,Grocery,Male
CUST00191,29,,456.83,3,75,152.28,0.74,45,,Grocery,Female
CUST00192,39,56002.89,166.64,2,33,83.32,0.63,2,9.0,Electronics,Male
CUST00193,30,43018.62,102.61,3,43,34.2,0.44,2,6.0,Apparel,Male
CUST00194,47,57405.54,2229.25,23,8,96.92,0.28,100,11.0,Apparel,Female
CUST00195,57,73051.83,4307.6,11,13,391.6,0.08,71,16.0,Luxury,Female
CUST00196,47,92212.96,5440.46,9,1,604.5,0.05,50,10.0,Luxury,Female
CUST00197,56,67835.25,2259.19,21,2,107.58,0.15,78,11.0,Home,Male
CUST00198,23,41298.84,240.0,1,42,240.0,0.61,0,6.0,Electronics,Male
CUST00199,33,57945.41,27.13,5,10,10.0,0.38,0,6.0,Electronics,Male
CUST00200,39,81786.28,1714.77,22,14,77.94,0.21,92,15.0,Apparel,Female
CUST00201,44,98966.91,1433.26,23,3,62.32,0.23,107,15.0,Home,Female
CUST00202,36,41874.06,514.05,5,58,102.81,0.52,47,11.0,Apparel,Female
CUST00203,44,55765.47,451.06,5,57,90.21,0.63,56,12.0,Apparel,Male
CUST00204,33,45791.47,325.0,2,36,162.5,0.53,2,13.0,Electronics,Female
CUST00205,33,84734.7,1668.08,16,15,104.26,0.36,111,9.0,Grocery,Male
CUST00206,23,36866.64,298.87,2,23,149.43,0.89,54,11.0,Grocery,Male
CUST00207,28,45172.71,249.33,5,78,49.87,0.84,2,0.0,Apparel,Male
CUST00208,49,79719.52,2045.94,23,1,88.95,0.14,27,9.0,Home,Male
CUST00209,31,37148.1,395.54,7,67,56.51,0.52,7,10.0,Grocery,Female
CUST00210,40,27286.71,469.17,3,31,156.39,0.89,29,13.0,Apparel,Female
CUST00211,38,42929.13,186.81,3,120,62.27,0.39,26,15.0,Home,Male
CUST00212,52,73220.16,2671.31,24,19,111.3,0.31,73,10.0,Apparel,Male
CUST00213,47,60906.84,1918.67,19,6,100.98,0.22,46,20.0,Grocery,Other
CUST00214,22,42458.43,433.9,6,88,72.32,0.75,29,9.0,Grocery,Female
CUST00215,29,79189.96,2453.46,16,19,153.34,0.17,65,13.0,Apparel,Male
CUST00216,35,20386.67,174.2,5,84,34.84,0.52,37,6.0,Apparel,Female
CUST00217,57,102562.84,3544.38,21,16,168.78,0.15,63,12.0,Home,Male
CUST00218,40,77166.45,2012.54,17,17,118.38,0.21,72,7.0,Home,Male
CUST00219,42,68635.4,1215.55,16,14,75.97,0.39,105,16.0,Apparel,Male
CUST00220,39,81700.01,2003.9,18,3,111.33,0.4,30,10.0,Grocery,Male
CUST00221,28,70258.02,1600.84,22,7,72.77,0.21,39,12.0,Grocery,Female
CUST00222,31,70142.08,112.4,1,111,112.4,0.41,26,24.0,Electronics,Male
CUST00223,33,56114.07,531.85,5,88,106.37,0.63,17,11.0,Apparel,Female
CUST00224,41,117235.72,5175.99,12,16,431.33,0.15,32,14.0,Electronics,Male
CUST00225,44,85836.42,3973.58,16,15,248.35,0.04,75,7.0,Electronics,Male
CUST00226,29,39072.33,478.88,4,43,119.72,0.52,58,5.0,Apparel,Male
CUST00227,21,38009.6,241.98,1,10,241.98,0.54,3,5.0,Apparel,Male
CUST00228,50,99561.86,4656.19,8,14,582.02,0.21,26,6.0,Home,Female
CUST00229,26,,134.12,1,44,134.12,0.43,1,,Electronics,Female
CUST00230,51,92974.73,1754.39,23,12,76.28,0.17,50,9.0,Grocery,Other
CUST00231,52,88485.63,1725.6,17,2,101.51,0.29,74,13.0,Grocery,Female
CUST00232,47,43282.65,159.22,6,78,26.54,0.47,30,15.0,Apparel,Female
CUST00233,41,40747.96,164.11,1,85,164.11,0.42,13,13.0,Electronics,Female
CUST00234,29,58592.34,211.97,3,66,70.66,0.57,24,13.0,Home,Male
CUST00235,36,40631.46,550.84,7,24,78.69,0.57,21,11.0,Apparel,Male
CUST00236,48,50828.14,1485.22,19,3,78.17,0.14,100,11.0,Apparel,Female
CUST00237,35,91773.29,3103.16,16,19,193.95,0.05,20,12.0,Electronics,Female
CUST00238,33,36939.47,405.29,8,87,50.66,0.66,41,6.0,Grocery,Female
CUST00239,54,73674.38,1577.6,26,17,60.68,0.2,46,11.0,Home,Male
CUST00240,23,,622.87,10,39,62.29,0.89,22,,Grocery,Female
CUST00241,33,27656.6,231.23,2,18,115.62,0.37,3,10.0,Electronics,Female
CUST00242,23,66053.68,123.63,1,39,123.63,0.55,1,3.0,Apparel,Male
CUST00243,23,28345.84,183.06,1,33,183.06,0.53,2,14.0,Apparel,Female
CUST00244,30,94124.27,4334.42,9,6,481.6,0.02,57,10.0,Electronics,Female
CUST00245,38,38363.93,517.0,2,28,258.5,0.79,39,6.0,Grocery,Male
CUST00246,26,43788.97,190.17,1,19,190.17,0.54,0,5.0,Apparel,Female
CUST00247,52,27371.53,251.37,2,60,125.68,0.29,32,17.0,Electronics,Other
CUST00248,35,60283.27,255.51,1,31,255.51,0.59,2,8.0,Electronics,Male
CUST00249,29,45948.19,184.96,1,38,184.96,0.34,2,9.0,Apparel,Other
CUST00250,21,45750.17,324.05,1,38,324.05,0.69,2,6.0,Electronics,Female
CUST00251,41,79630.93,4119.69,11,10,374.52,0.07,22,8.0,Luxury,Female
CUST00252,42,83852.6,2761.92,18,8,153.44,0.18,40,8.0,Home,Male
CUST00253,31,43316.85,154.0,3,28,51.33,0.58,1,9.0,Apparel,Female
CUST00254,54,118442.17,5601.19,11,5,509.2,0.13,76,6.0,Luxury,Female
CUST00255,32,23531.31,395.91,4,21,98.98,0.55,17,8.0,Grocery,Male
CUST00256,50,80776.11,20.0,1,97,10.0,0.23,37,14.0,Electronics,Female
CUST00257,33,52297.91,130.65,3,5,43.55,0.56,0,9.0,Electronics,Other
CUST00258,53,110725.96,1893.9,28,19,67.64,0.23,26,15.0,Home,Other
CUST00259,28,66450.01,220.91,2,134,110.45,0.47,1,15.0,Apparel,Male
CUST00260,32,33667.93,441.4,5,69,88.28,0.81,31,8.0,Grocery,Male
CUST00261,39,69669.32,1635.57,22,16,74.34,0.28,75,12.0,Grocery,Male
CUST00262,25,53730.3,62.13,1,21,62.13,0.6,3,13.0,Apparel,Female
CUST00263,35,37501.16,508.91,10,83,50.89,0.71,25,10.0,Grocery,Female
CUST00264,18,64464.62,129.32,2,104,64.66,0.57,1,28.0,Apparel,Male
CUST00265,36,42928.01,174.14,3,43,58.05,0.67,0,9.0,Electronics,Male
CUST00266,34,75462.38,1275.14,22,13,57.96,0.19,79,6.0,Grocery,Male
CUST00267,43,91020.16,1676.04,14,11,119.72,0.32,76,12.0,Grocery,Female
CUST00268,43,78949.6,2526.27,22,7,114.83,0.11,52,17.0,Apparel,Other
CUST00269,34,148891.88,3889.08,11,19,353.55,0.2,46,9.0,Luxury,Female
CUST00270,32,92290.18,4345.7,22,17,197.53,0.06,23,8.0,Luxury,Male
CUST00271,42,86429.21,1571.85,22,18,71.45,0.14,67,8.0,Home,Male
CUST00272,47,62391.28,1504.81,27,12,55.73,0.29,92,8.0,Grocery,Female
CUST00273,20,42130.84,138.83,1,2,138.83,0.69,1,5.0,Apparel,Male
CUST00274,29,41795.63,296.43,2,10,148.21,0.59,2,6.0,Electronics,Male
CUST00275,23,61326.7,284.82,4,144,71.2,0.45,46,17.0,Electronics,Female
CUST00276,47,36198.14,181.8,5,146,36.36,0.58,32,16.0,Electronics,Female
CUST00277,34,63190.18,1953.1,26,16,75.12,0.34,49,8.0,Home,Female
CUST00278,44,50370.88,1611.24,26,1,61.97,0.25,53,12.0,Grocery,Female
CUST00279,33,68840.81,2286.16,23,8,99.4,0.29,40,12.0,Apparel,Female
CUST00280,33,82436.23,1792.1,19,13,94.32,0.24,33,15.0,Grocery,Female
CUST00281,30,46462.49,126.33,1,6,126.33,0.44,3,11.0,Apparel,Female
CUST00282,45,113592.57,2844.38,18,15,158.02,0.1,47,16.0,Electronics,Male
CUST00283,48,129026.12,4674.21,9,14,519.36,0.19,53,8.0,Home,Male
CUST00284,42,,458.88,2,26,229.44,0.86,40,,Grocery,Female
CUST00285,48,83096.57,258.25,1,151,258.25,0.41,11,10.0,Electronics,Male
CUST00286,28,24556.99,576.54,8,76,72.07,0.76,51,8.0,Grocery,Male
CUST00287,37,15000.0,190.29,1,109,190.29,0.47,16,9.0,Home,Male
CUST00288,63,56718.16,194.46,1,103,194.46,0.25,23,9.0,Apparel,Male
CUST00289,33,104527.0,3760.12,12,18,313.34,0.03,12,9.0,Electronics,Female
CUST00290,43,70441.2,243.74,1,108,243.74,0.23,21,22.0,Home,Male
CUST00291,41,48690.12,495.59,5,41,99.12,0.7,17,11.0,Grocery,Male
CUST00292,37,21597.14,538.7,7,62,76.96,0.51,3,12.0,Grocery,Female
CUST00293,41,60160.58,1795.07,28,18,64.11,0.37,32,9.0,Grocery,Female
CUST00294,32,131963.06,3858.17,19,23,203.06,0.03,20,8.0,Home,Male
CUST00295,33,43484.72,433.0,7,59,61.86,0.51,10,6.0,Grocery,Male
CUST00296,60,67247.44,178.99,1,82,178.99,0.35,4,7.0,Apparel,Male
CUST00297,48,64520.64,1852.82,25,14,74.11,0.27,35,8.0,Home,Female
CUST00298,28,35999.88,344.13,2,15,172.07,0.6,24,9.0,Apparel,Female
CUST00299,29,47997.64,1854.9,20,8,92.74,0.25,76,11.0,Apparel,Male
CUST00300,29,26987.09,275.93,5,87,55.19,0.57,38,14.0,Grocery,Male
CUST00301,37,28430.51,413.18,1,87,413.18,0.53,19,5.0,Apparel,Male
CUST00302,31,49490.24,157.97,1,164,157.97,0.38,2,13.0,Home,Male
CUST00303,64,56242.49,121.75,2,119,60.87,0.44,6,11.0,Electronics,Male
CUST00304,38,57913.66,1064.4,14,8,76.03,0.39,32,8.0,Apparel,Female
CUST00305,47,56922.34,2162.56,22,2,98.3,0.19,34,14.0,Home,Female
CUST00306,25,25132.49,124.81,3,16,41.6,0.43,0,9.0,Apparel,Male
CUST00307,20,,210.67,2,95,105.34,0.4,26,,Electronics,Male
CUST00308,58,90377.93,3452.73,16,11,215.8,0.2,57,4.0,Home,Male
CUST00309,56,67973.53,2321.83,19,2,122.2,0.38,78,9.0,Apparel,Male
CUST00310,58,125766.86,3626.63,15,1,241.78,0.21,17,11.0,Luxury,Male
CUST00311,42,58487.3,252.12,1,158,252.12,0.56,7,16.0,Home,Female
CUST00312,39,53083.06,338.64,8,73,42.33,0.85,29,8.0,Grocery,Female
CUST00313,36,35318.05,289.07,7,63,41.3,0.54,5,12.0,Grocery,Female
CUST00314,25,61475.54,452.47,2,44,226.23,0.64,2,4.0,Electronics,Female
CUST00315,47,,1509.42,17,18,88.79,0.36,114,,Apparel,Male
CUST00316,54,100739.78,2025.5,24,8,84.4,0.26,108,14.0,Grocery,Female
CUST00317,64,54401.58,67.66,3,71,22.55,0.23,7,14.0,Home,Female
CUST00318,44,32797.47,523.24,2,21,261.62,0.76,4,13.0,Grocery,Female
CUST00319,23,38709.65,477.78,7,79,68.25,0.5,7,13.0,Apparel,Male
CUST00320,30,161023.49,4785.2,16,23,299.08,0.0,41,17.0,Electronics,Female
CUST00321,39,48780.6,100.39,3,114,33.46,0.42,33,22.0,Apparel,Male
CUST00322,52,,1888.81,26,14,72.65,0.2,36,,Apparel,Female
CUST00323,51,84730.16,2334.22,20,14,116.71,0.11,67,18.0,Home,Male
CUST00324,49,112071.2,2868.14,14,28,204.87,0.13,81,8.0,Home,Female
CUST00325,23,54257.76,421.55,3,24,140.52,0.35,0,13.0,Apparel,Male
CUST00326,56,70572.07,1505.15,20,11,75.26,0.22,115,17.0,Apparel,Female
CUST00327,35,24490.89,69.49,2,130,34.74,0.33,42,18.0,Apparel,Male
CUST00328,48,78457.23,1901.1,24,18,79.21,0.34,47,15.0,Grocery,Female
CUST00329,30,62777.39,372.5,1,97,372.5,0.46,11,20.0,Electronics,Female
CUST00330,28,46331.58,310.67,6,35,51.78,0.76,56,4.0,Grocery,Female
CUST00331,43,150273.98,4706.03,20,9,235.3,0.11,23,9.0,Luxury,Female
CUST00332,32,85054.77,1877.03,26,17,72.19,0.27,109,10.0,Apparel,Male
CUST00333,41,28895.35,417.0,8,19,52.12,0.9,21,9.0,Grocery,Male
CUST00334,30,29955.84,332.85,6,88,55.48,0.61,36,9.0,Grocery,Male
CUST00335,22,25669.5,531.07,7,86,75.87,0.63,16,5.0,Grocery,Male
CUST00336,24,,471.55,6,84,78.59,0.82,9,,Grocery,Female
CUST00337,18,58239.54,204.88,1,44,204.88,0.67,1,10.0,Electronics,Female
CUST00338,56,62208.2,1856.59,27,17,68.76,0.13,116,13.0,Apparel,Male
CUST00339,43,61742.02,153.59,2,106,76.79,0.36,2,13.0,Apparel,Female
CUST00340,42,28002.67,306.78,5,74,61.36,0.58,55,4.0,Apparel,Male
CUST00341,28,68889.63,172.71,4,101,43.18,0.52,18,14.0,Apparel,Female
CUST00342,48,66512.5,240.84,1,73,240.84,0.54,30,11.0,Apparel,Female
CUST00343,29,40919.7,691.89,8,82,86.49,0.78,26,6.0,Apparel,Male
CUST00344,39,66879.68,47.57,1,74,47.57,0.43,17,20.0,Home,Other
CUST00345,45,106602.95,5673.07,13,12,436.39,0.22,83,10.0,Luxury,Male
CUST00346,46,96363.7,1551.11,19,10,81.64,0.28,69,11.0,Home,Male
CUST00347,52,59413.45,1674.64,22,1,76.12,0.38,69,10.0,Apparel,Female
CUST00348,29,36183.15,432.99,7,14,61.86,0.81,57,6.0,Grocery,Male
CUST00349,52,132372.65,4211.74,11,19,382.89,0.22,43,12.0,Home,Male
CUST00350,50,63913.4,1797.07,15,10,119.8,0.18,98,16.0,Home,Male
CUST00351,37,64011.82,56.17,1,109,56.17,0.57,25,17.0,Home,Female
CUST00352,25,43664.01,308.15,1,30,308.15,0.35,0,6.0,Electronics,Female
CUST00353,42,71960.99,1613.42,15,17,107.56,0.1,46,13.0,Home,Female
CUST00354,22,51148.33,496.94,5,20,99.39,0.75,15,5.0,Grocery,Female
CUST00355,39,27722.45,555.88,10,46,55.59,0.87,50,5.0,Apparel,Female
CUST00356,40,73323.11,1433.11,26,1,55.12,0.12,80,10.0,Home,Female
CUST00357,43,42897.92,497.77,6,44,82.96,0.75,32,10.0,Grocery,Male
CUST00358,51,15000.0,178.37,2,137,89.18,0.3,24,13.0,Apparel,Female
CUST00359,30,50088.35,72.15,1,29,72.15,0.49,0,11.0,Electronics,Male
CUST00360,36,40732.23,152.65,1,100,152.65,0.32,5,12.0,Apparel,Male
CUST00361,53,104571.29,4373.53,8,7,546.69,0.23,18,6.0,Home,Other
CUST00362,36,103148.41,2319.96,18,1,128.89,0.23,33,12.0,Home,Male
CUST00363,31,43398.16,331.9,2,173,165.95,0.48,37,20.0,Home,Male
CUST00364,18,35049.57,310.07,5,60,62.01,0.47,13,13.0,Apparel,Female
CUST00365,37,23500.63,196.94,3,10,65.65,0.65,1,13.0,Electronics,Male
CUST00366,30,85104.66,4176.16,14,2,298.3,0.2,22,9.0,Home,Female
CUST00367,37,60438.46,121.05,2,42,60.52,0.51,3,5.0,Apparel,Male
CUST00368,29,31303.13,503.35,1,27,503.35,0.6,0,9.0,Apparel,Male
CUST00369,32,36895.34,520.94,8,44,65.12,0.7,16,7.0,Grocery,Female
CUST00370,23,19566.3,406.68,6,51,67.78,0.62,17,6.0,Apparel,Male
CUST00371,39,26234.71,546.68,4,57,136.67,0.82,47,6.0,Grocery,Female
CUST00372,43,24254.9,305.66,7,30,43.67,0.62,52,6.0,Grocery,Female
CUST00373,40,48389.58,761.71,5,67,152.34,0.58,44,4.0,Apparel,Male
CUST00374,44,77045.16,1481.27,18,9,82.29,0.18,44,16.0,Apparel,Female
CUST00375,27,45852.26,482.99,7,23,69.0,0.86,33,9.0,Grocery,Male
CUST00376,39,105612.27,4217.73,8,17,527.22,0.11,18,12.0,Home,Male
CUST00377,55,59484.81,1983.49,17,7,116.68,0.25,115,20.0,Home,Other
CUST00378,26,32859.99,532.05,6,71,88.67,0.64,42,7.0,Grocery,Male
CUST00379,51,68618.36,2203.46,17,15,129.62,0.14,56,15.0,Home,Female
CUST00380,54,116505.33,4603.81,13,29,354.14,0.01,73,17.0,Luxury,Female
CUST00381,26,27279.54,423.97,10,47,42.4,0.79,34,4.0,Grocery,Male
CUST00382,56,104272.29,1726.43,23,9,75.06,0.3,50,12.0,Home,Male
CUST00383,54,56798.45,2539.96,29,16,87.58,0.37,105,11.0,Home,Female
CUST00384,36,53683.41,96.3,3,16,32.1,0.65,0,8.0,Electronics,Female
CUST00385,35,63164.06,1895.56,23,18,82.42,0.21,32,11.0,Apparel,Male
CUST00386,44,86113.01,1824.95,28,10,65.18,0.24,39,4.0,Grocery,Male
CUST00387,46,81463.47,4262.4,12,24,355.2,0.01,48,12.0,Luxury,Female
CUST00388,26,29587.27,311.71,6,56,51.95,0.85,43,12.0,Grocery,Male
CUST00389,35,67221.66,1987.09,22,16,90.32,0.2,107,14.0,Grocery,Male
CUST00390,35,93680.95,1912.08,20,13,95.6,0.21,83,10.0,Grocery,Female
CUST00391,23,48373.68,297.23,3,22,99.08,0.53,1,7.0,Electronics,Female
CUST00392,23,65646.6,400.53,2,103,200.27,0.27,26,13.0,Apparel,Female
CUST00393,39,90922.22,4607.93,16,28,288.0,0.13,47,12.0,Home,Male
CUST00394,47,81591.2,1842.42,20,19,92.12,0.13,70,10.0,Apparel,Female
CUST00395,34,131798.1,3685.93,20,2,184.3,0.16,30,11.0,Electronics,Female
CUST00396,31,65931.39,440.92,1,3,440.92,0.67,0,2.0,Apparel,Female
CUST00397,33,47434.08,359.36,2,31,179.68,0.59,1,11.0,Electronics,Male
CUST00398,51,78691.57,131.06,3,127,43.69,0.24,32,10.0,Apparel,Male
CUST00399,42,103336.94,1471.37,23,14,63.97,0.22,58,11.0,Home,Male
CUST00400,46,54110.12,2060.85,25,5,82.43,0.23,78,9.0,Grocery,Female
CUST00401,37,38324.47,418.43,6,73,69.74,0.51,41,5.0,Grocery,Female
CUST00402,28,50338.41,128.98,3,18,42.99,0.43,3,11.0,Electronics,Male
CUST00403,61,53681.99,163.19,2,139,81.6,0.55,38,18.0,Electronics,Male
CUST00404,36,61416.69,1926.15,14,1,137.58,0.23,118,8.0,Apparel,Female
CUST00405,30,115365.8,3459.52,8,4,432.44,0.19,11,9.0,Electronics,Other
CUST00406,32,23254.54,179.76,2,44,89.88,0.69,3,10.0,Apparel,Female
CUST00407,36,79041.75,4704.49,9,29,522.72,0.11,31,7.0,Electronics,Female
CUST00408,32,36085.92,530.49,2,63,265.24,0.58,29,9.0,Apparel,Male
CUST00409,35,45838.74,161.42,1,20,161.42,0.59,1,8.0,Electronics,Female
CUST00410,34,42288.97,155.82,6,41,25.97,0.82,29,6.0,Grocery,Female
CUST00411,54,113555.56,3987.64,8,15,498.46,0.2,32,8.0,Luxury,Female
CUST00412,22,48276.09,203.49,4,4,50.87,0.56,1,7.0,Apparel,Female
CUST00413,19,54752.39,151.97,1,23,151.97,0.41,1,7.0,Electronics,Male
CUST00414,50,71693.01,158.6,1,136,158.6,0.38,29,21.0,Apparel,Female
CUST00415,28,82350.84,1587.46,24,11,66.14,0.34,94,21.0,Grocery,Male
CUST00416,31,59410.76,149.24,1,169,149.24,0.36,19,18.0,Home,Male
CUST00417,45,127601.32,2909.57,9,25,323.29,0.08,35,14.0,Home,Male
CUST00418,34,139262.48,4088.06,9,29,454.23,0.24,27,9.0,Luxury,Female
CUST00419,37,78909.22,1751.71,28,19,62.56,0.3,27,15.0,Home,Female
CUST00420,38,82285.59,2434.85,20,17,121.74,0.24,70,6.0,Apparel,Female
CUST00421,56,79242.72,1625.14,24,6,67.71,0.39,74,7.0,Apparel,Female
CUST00422,38,61275.37,1638.56,20,6,81.93,0.22,60,7.0,Grocery,Male
CUST00423,34,42936.5,248.17,4,73,62.04,0.88,25,4.0,Grocery,Female
CUST00424,37,59766.93,126.92,4,168,31.73,0.56,1,11.0,Home,Male
CUST00425,27,21914.93,486.74,4,27,121.68,0.5,50,5.0,Grocery,Male
CUST00426,40,70980.64,159.36,3,115,53.12,0.4,12,13.0,Electronics,Female
CUST00427,31,38265.63,178.72,2,115,89.36,0.37,9,16.0,Apparel,Female
CUST00428,36,60746.31,45.96,2,13,22.98,0.66,0,8.0,Electronics,Male
CUST00429,38,77708.01,4276.67,9,22,475.19,0.04,24,11.0,Home,Male
CUST00430,24,41129.67,519.81,6,62,86.64,0.55,44,6.0,Grocery,Female
CUST00431,32,46468.95,256.24,3,42,85.41,0.8,47,15.0,Grocery,Male
CUST00432,31,67678.52,2340.74,24,19,97.53,0.15,75,14.0,Home,Female
CUST00433,29,64939.83,1587.26,21,18,75.58,0.2,111,9.0,Apparel,Female
CUST00434,33,39635.31,355.18,11,23,32.29,0.68,52,3.0,Grocery,Female
CUST00435,33,32763.73,204.06,4,12,51.01,0.65,20,3.0,Grocery,Female
CUST00436,32,34132.94,1766.92,15,15,117.79,0.12,50,9.0,Home,Female
CUST00437,35,29415.37,355.05,9,54,39.45,0.86,49,8.0,Grocery,Female
CUST00438,35,85183.75,2211.76,20,7,110.59,0.39,109,12.0,Home,Female
CUST00439,54,68243.83,1861.09,20,12,93.05,0.13,84,7.0,Apparel,Female
CUST00440,41,31527.53,229.39,3,63,76.46,0.87,54,2.0,Grocery,Male
CUST00441,38,42165.52,320.46,10,15,32.05,0.54,42,6.0,Grocery,Male
CUST00442,27,40033.85,179.79,5,43,35.96,0.54,3,9.0,Electronics,Female
CUST00443,33,122298.89,4658.71,14,10,332.77,0.12,10,9.0,Electronics,Female
CUST00444,33,97241.64,3411.03,12,9,284.25,0.02,31,6.0,Electronics,Female
CUST00445,44,86988.11,1770.23,24,15,73.76,0.19,51,17.0,Home,Male
CUST00446,26,35092.28,49.92,1,31,49.92,0.6,1,10.0,Apparel,Male
CUST00447,29,50861.19,381.91,1,43,381.91,0.53,2,8.0,Apparel,Female
CUST00448,41,75366.11,2268.34,30,11,75.61,0.28,47,11.0,Grocery,Male
CUST00449,31,119184.67,4012.31,15,21,267.49,0.05,63,7.0,Electronics,Female
CUST00450,41,34246.96,401.52,5,19,80.3,0.51,29,7.0,Grocery,Female
CUST00451,55,67673.19,1424.03,19,19,74.95,0.19,109,10.0,Home,Female
CUST00452,50,91618.33,214.97,5,161,42.99,0.29,22,20.0,Apparel,Male
CUST00453,61,69613.93,80.04,4,96,20.01,0.56,36,13.0,Apparel,Female
CUST00454,29,54903.33,330.01,2,11,165.0,0.37,3,9.0,Apparel,Female
CUST00455,40,38707.27,407.62,9,72,45.29,0.58,48,6.0,Grocery,Female
CUST00456,26,47076.79,123.17,2,178,61.59,0.48,16,27.0,Home,Female
CUST00457,31,33416.21,568.86,3,44,189.62,0.57,35,7.0,Grocery,Female
CUST00458,46,54336.64,307.66,1,177,307.66,0.47,24,12.0,Electronics,Female
CUST00459,37,34562.92,293.87,8,79,36.73,0.55,40,7.0,Grocery,Female
CUST00460,39,59335.24,461.66,6,27,76.94,0.57,42,5.0,Grocery,Male
CUST00461,35,31112.25,478.22,9,27,53.14,0.87,13,7.0,Apparel,Male
CUST00462,52,71685.9,1779.72,23,15,77.38,0.22,87,10.0,Grocery,Male
CUST00463,52,65678.21,1465.39,20,8,73.27,0.13,49,11.0,Grocery,Male
CUST00464,57,51271.82,198.48,3,148,66.16,0.22,37,17.0,Home,Female
CUST00465,31,49327.82,245.3,1,38,245.3,0.54,1,9.0,Apparel,Male
CUST00466,42,119215.94,2829.9,11,24,257.26,0.19,43,8.0,Luxury,Male
CUST00467,47,132809.88,3626.84,10,11,362.68,0.0,30,10.0,Luxury,Male
CUST00468,21,31360.6,286.59,1,20,286.59,0.37,3,8.0,Electronics,Female
CUST00469,33,39053.57,686.42,8,61,85.8,0.87,37,7.0,Grocery,Male
CUST00470,31,74459.95,166.67,1,6,166.67,0.34,0,10.0,Apparel,Female
CUST00471,41,30769.16,617.52,7,17,88.22,0.67,18,7.0,Grocery,Female
CUST00472,31,56247.76,203.23,2,15,101.62,0.64,3,10.0,Electronics,Male
CUST00473,23,43492.54,538.93,6,14,89.82,0.75,54,9.0,Grocery,Male
CUST00474,21,51556.98,375.27,1,23,375.27,0.35,1,10.0,Apparel,Male
CUST00475,61,46054.3,63.64,6,114,10.61,0.58,17,15.0,Electronics,Female
CUST00476,18,48546.21,363.85,4,10,90.96,0.5,3,10.0,Electronics,Female
CUST00477,38,40718.5,263.8,5,81,52.76,0.61,53,7.0,Apparel,Female
CUST00478,20,26239.77,62.31,1,140,62.31,0.47,9,18.0,Apparel,Male
CUST00479,32,80296.61,80.34,2,12,40.17,0.52,3,14.0,Apparel,Female
CUST00480,55,68109.85,186.28,1,121,186.28,0.41,4,15.0,Home,Male
CUST00481,39,,2187.99,16,3,136.75,0.14,51,,Apparel,Female
CUST00482,47,71874.47,1468.4,23,13,63.84,0.35,70,14.0,Apparel,Male
CUST00483,63,58842.94,42.07,4,89,10.52,0.33,20,12.0,Home,Female
CUST00484,37,88096.01,1972.61,9,5,219.18,0.39,37,9.0,Apparel,Female
CUST00485,31,41076.7,279.47,2,129,139.74,0.56,36,23.0,Apparel,Male
CUST00486,21,64666.38,380.66,4,33,95.16,0.53,2,5.0,Electronics,Female
CUST00487,29,37690.21,640.79,11,61,58.25,0.58,22,9.0,Apparel,Male
CUST00488,54,138042.43,3456.01,10,6,345.6,0.12,9,10.0,Electronics,Male
CUST00489,18,38418.67,56.92,2,1,28.46,0.42,0,13.0,Apparel,Male
CUST00490,25,49539.15,373.15,3,27,124.38,0.69,2,12.0,Apparel,Female
CUST00491,41,18962.61,228.89,2,90,114.44,0.27,22,9.0,Apparel,Male
CUST00492,39,78457.81,1476.47,24,16,61.52,0.12,26,15.0,Apparel,Female
CUST00493,53,154170.33,5375.46,13,21,413.5,0.25,33,10.0,Electronics,Male
CUST00494,32,29493.16,572.59,4,57,143.15,0.68,6,4.0,Apparel,Male
CUST00495,31,46909.03,27.96,1,150,27.96,0.34,10,14.0,Electronics,Female
CUST00496,39,97333.51,5981.26,13,17,460.1,0.24,50,15.0,Electronics,Female
CUST00497,25,67800.9,46.03,2,141,23.02,0.24,47,17.0,Apparel,Male
CUST00498,43,38180.1,176.69,3,78,58.9,0.73,38,9.0,Grocery,Female
CUST00499,22,44813.77,140.75,2,29,70.38,0.59,0,10.0,Electronics,Other
CUST00500,37,62191.25,179.66,2,9,89.83,0.31,2,5.0,Apparel,Female
CUST00501,53,80538.32,1786.03,23,2,77.65,0.17,65,9.0,Apparel,Male
CUST00502,37,58125.73,142.61,2,92,71.3,0.38,36,15.0,Electronics,Female
CUST00503,31,122942.58,3287.53,12,15,273.96,0.19,15,9.0,Electronics,Female
CUST00504,53,64818.92,1971.01,19,8,103.74,0.3,89,11.0,Grocery,Male
CUST00505,57,72608.67,2111.56,24,7,87.98,0.3,28,16.0,Grocery,Female
CUST00506,29,29686.24,548.16,9,57,60.91,0.87,37,6.0,Grocery,Female
CUST00507,28,47171.72,263.41,5,40,52.68,0.43,3,16.0,Apparel,Male
CUST00508,30,81967.4,1460.83,24,13,60.87,0.31,49,11.0,Grocery,Male
CUST00509,24,25687.82,192.67,1,14,192.67,0.63,0,6.0,Electronics,Female
CUST00510,41,93279.33,1052.47,16,11,65.78,0.22,56,8.0,Home,Male
CUST00511,41,43288.8,1561.19,21,9,74.34,0.29,81,12.0,Grocery,Female
CUST00512,53,73327.27,223.07,1,133,223.07,0.49,5,12.0,Apparel,Male
CUST00513,23,48506.56,111.73,2,37,55.87,0.6,1,16.0,Electronics,Male
CUST00514,23,39130.16,138.84,2,9,69.42,0.3,0,13.0,Apparel,Other
CUST00515,42,30778.2,425.29,3,59,141.76,0.81,36,2.0,Grocery,Male
CUST00516,23,37884.17,382.58,8,77,47.82,0.67,35,12.0,Grocery,Male
CUST00517,39,108474.59,5213.19,19,25,274.38,0.19,7,9.0,Electronics,Other
CUST00518,48,63837.97,2217.13,24,10,92.38,0.31,99,6.0,Grocery,Female
CUST00519,26,62876.25,241.86,1,8,241.86,0.43,2,7.0,Apparel,Male
CUST00520,29,32370.42,526.91,7,39,75.27,0.67,34,8.0,Grocery,Other
CUST00521,44,69645.61,254.47,1,117,254.47,0.43,26,19.0,Apparel,Female
CUST00522,48,124129.58,4068.75,20,20,203.44,0.09,28,15.0,Luxury,Female
CUST00523,19,58944.47,195.71,2,33,97.85,0.55,1,13.0,Electronics,Male
CUST00524,39,54305.67,2138.81,16,2,133.68,0.25,25,12.0,Apparel,Female
CUST00525,38,84042.56,2083.59,22,13,94.71,0.34,50,12.0,Home,Male
CUST00526,62,37031.53,209.64,1,133,209.64,0.59,2,22.0,Home,Female
CUST00527,51,33763.43,284.08,4,91,71.02,0.39,47,14.0,Electronics,Male
CUST00528,57,105179.77,4406.11,16,29,275.38,0.05,60,12.0,Home,Male
CUST00529,40,48040.84,532.41,6,65,88.73,0.6,21,6.0,Apparel,Female
CUST00530,29,65727.27,337.11,1,27,337.11,0.65,0,9.0,Electronics,Female
CUST00531,41,69554.93,2276.06,27,4,84.3,0.24,77,12.0,Grocery,Female
CUST00532,38,68645.93,303.16,1,20,303.16,0.6,1,9.0,Apparel,Male
CUST00533,33,73677.26,292.13,1,14,292.13,0.31,0,10.0,Apparel,Female
CUST00534,40,57752.1,183.58,2,111,91.79,0.42,35,13.0,Apparel,Female
CUST00535,50,72908.78,1713.54,16,6,107.1,0.37,44,15.0,Grocery,Male
CUST00536,28,64510.77,217.57,3,41,72.52,0.48,0,2.0,Electronics,Male
CUST00537,51,56528.74,1448.71,27,13,53.66,0.29,101,12.0,Home,Male
CUST00538,29,,481.98,7,58,68.85,0.67,1,,Apparel,Male
CUST00539,24,83884.39,91.74,3,66,30.58,0.56,39,15.0,Home,Female
CUST00540,30,54025.66,476.74,7,60,68.11,0.63,5,16.0,Grocery,Male
CUST00541,25,50412.0,183.75,2,44,91.88,0.45,0,12.0,Apparel,Other
CUST00542,47,66337.87,1888.32,22,14,85.83,0.36,104,14.0,Home,Male
CUST00543,27,46974.56,389.95,6,30,64.99,0.64,28,13.0,Grocery,Male
CUST00544,50,67331.19,2109.84,27,3,78.14,0.21,89,14.0,Grocery,Female
CUST00545,40,73404.06,1725.12,20,12,86.26,0.12,56,8.0,Grocery,Male
CUST00546,46,119301.64,2555.91,11,13,232.36,0.02,7,2.0,Home,Other
CUST00547,33,45410.06,403.68,6,81,67.28,0.71,2,9.0,Apparel,Male
CUST00548,46,65409.43,2192.42,21,1,104.4,0.27,38,7.0,Home,Female
CUST00549,21,63361.13,230.58,3,80,76.86,0.21,21,15.0,Electronics,Female
CUST00550,37,58021.44,1216.75,19,1,64.04,0.39,80,8.0,Apparel,Female
CUST00551,40,46774.59,186.5,2,136,93.25,0.29,4,17.0,Electronics,Male
CUST00552,20,48088.09,42.58,2,29,21.29,0.43,2,15.0,Apparel,Female
CUST00553,24,79238.09,102.81,7,136,14.69,0.26,38,15.0,Home,Male
CUST00554,20,38557.01,28.79,3,106,10.0,0.54,19,11.0,Home,Female
CUST00555,36,23410.13,200.46,2,43,100.23,0.33,0,6.0,Apparel,Female
CUST00556,44,56625.97,79.0,2,172,39.5,0.29,41,13.0,Electronics,Female
CUST00557,44,33309.79,472.69,6,18,78.78,0.72,28,9.0,Apparel,Female
CUST00558,27,35545.97,577.76,3,27,192.59,0.73,37,7.0,Grocery,Female
CUST00559,50,43856.97,1336.62,21,7,63.65,0.12,50,14.0,Home,Female
CUST00560,35,83031.04,1961.48,19,16,103.24,0.18,113,16.0,Grocery,Male
CUST00561,41,100286.64,1565.19,26,1,60.2,0.21,31,12.0,Home,Female
CUST00562,38,29297.26,365.06,6,39,60.84,0.74,2,7.0,Apparel,Female
CUST00563,35,38863.88,580.72,7,44,82.96,0.64,39,4.0,Apparel,Female
CUST00564,33,59229.8,592.73,8,74,74.09,0.67,1,14.0,Grocery,Female
CUST00565,55,120488.24,4930.61,17,16,290.04,0.15,78,11.0,Electronics,Female
CUST00566,24,54028.42,187.43,1,102,187.43,0.5,28,20.0,Apparel,Female
CUST00567,54,105186.57,3436.17,11,24,312.38,0.06,65,7.0,Home,Other
CUST00568,45,46134.39,211.54,1,95,211.54,0.38,1,12.0,Apparel,Male
CUST00569,31,,267.93,1,39,267.93,0.41,1,,Electronics,Female
CUST00570,53,77569.8,2994.22,13,4,230.32,0.14,21,11.0,Electronics,Male
CUST00571,28,54608.16,86.38,2,155,43.19,0.41,29,17.0,Home,Female
CUST00572,48,71408.37,1702.55,21,16,81.07,0.15,53,12.0,Grocery,Male
CUST00573,38,90249.54,4867.19,18,1,270.4,0.03,75,10.0,Luxury,Male
CUST00574,32,84387.84,1375.86,24,12,57.33,0.16,118,10.0,Grocery,Female
CUST00575,39,63788.34,157.64,2,42,78.82,0.44,1,9.0,Apparel,Female
CUST00576,20,70574.65,333.93,1,22,333.93,0.4,2,8.0,Electronics,Male
CUST00577,25,29533.62,386.86,3,46,128.95,0.6,46,5.0,Grocery,Male
CUST00578,34,41606.47,180.72,4,41,45.18,0.64,2,10.0,Apparel,Other
CUST00579,35,57427.59,310.75,1,139,310.75,0.6,7,13.0,Electronics,Female
CUST00580,33,107529.67,3474.77,15,20,231.65,0.13,49,7.0,Electronics,Female
CUST00581,51,48456.05,263.85,1,172,263.85,0.4,18,10.0,Electronics,Male
CUST00582,37,63473.98,381.3,2,37,190.65,0.36,2,5.0,Apparel,Male
CUST00583,61,69266.74,101.0,2,136,50.5,0.37,35,12.0,Apparel,Female
CUST00584,37,102872.06,5518.82,10,13,551.88,0.16,14,8.0,Electronics,Male
CUST00585,45,82043.8,1708.22,17,11,100.48,0.38,24,11.0,Home,Male
CUST00586,39,49677.6,374.52,7,31,53.5,0.66,17,12.0,Grocery,Female
CUST00587,26,30614.61,514.4,11,19,46.76,0.76,3,9.0,Apparel,Female
CUST00588,44,37723.49,558.69,5,72,111.74,0.58,19,14.0,Grocery,Female
CUST00589,29,44101.39,548.14,6,43,91.36,0.79,31,6.0,Grocery,Female
CUST00590,38,41305.18,422.01,4,18,105.5,0.8,13,13.0,Grocery,Female
CUST00591,40,38800.15,512.09,1,77,512.09,0.61,20,6.0,Apparel,Male
CUST00592,54,98004.68,1179.2,20,5,58.96,0.13,44,9.0,Home,Female
CUST00593,42,35253.32,587.06,7,11,83.87,0.6,26,9.0,Apparel,Male
CUST00594,50,120032.21,3562.99,13,15,274.08,0.04,34,15.0,Luxury,Female
CUST00595,31,39597.38,217.03,6,16,36.17,0.56,2,12.0,Apparel,Male
CUST00596,45,65993.01,138.93,3,136,46.31,0.53,1,21.0,Apparel,Female
CUST00597,43,64805.87,2092.2,11,18,190.2,0.23,118,10.0,Grocery,Male
CUST00598,29,30556.62,324.31,3,58,108.1,0.76,29,9.0,Grocery,Female
CUST00599,27,20748.44,405.45,8,41,50.68,0.83,8,10.0,Grocery,Female
CUST00600,33,28481.0,542.33,5,60,108.47,0.78,32,5.0,Apparel,Male
CUST00601,42,25760.61,433.44,6,87,72.24,0.58,2,10.0,Grocery,Male
CUST00602,32,90229.42,6216.83,15,29,414.46,0.17,39,11.0,Home,Female
CUST00603,27,36407.5,472.18,7,19,67.45,0.57,22,11.0,Grocery,Female
CUST00604,28,42269.56,629.15,8,35,78.64,0.59,16,9.0,Apparel,Male
CUST00605,40,31025.75,606.48,8,32,75.81,0.6,15,11.0,Apparel,Female
CUST00606,43,44037.02,168.6,1,76,168.6,0.24,27,22.0,Home,Male
CUST00607,36,31711.89,551.83,6,71,91.97,0.58,20,9.0,Grocery,Male
CUST00608,46,135565.62,4145.24,20,3,207.26,0.1,55,6.0,Electronics,Female
CUST00609,57,35647.07,292.65,1,136,292.65,0.55,39,8.0,Apparel,Male
CUST00610,44,56160.87,2105.62,22,11,95.71,0.12,90,8.0,Home,Female
CUST00611,34,30257.02,472.66,6,54,78.78,0.88,58,8.0,Apparel,Female
CUST00612,38,74277.41,1088.27,26,14,41.86,0.38,62,13.0,Apparel,Female
CUST00613,56,82264.51,2282.35,18,5,126.8,0.36,110,6.0,Apparel,Female
CUST00614,36,33004.19,591.53,7,67,84.5,0.69,1,7.0,Grocery,Male
CUST00615,26,63153.42,239.68,1,21,239.68,0.47,2,3.0,Apparel,Male
CUST00616,32,51398.86,234.67,3,30,78.22,0.36,0,9.0,Apparel,Male
CUST00617,29,45511.76,442.33,6,64,73.72,0.87,47,8.0,Apparel,Female
CUST00618,34,99176.46,5256.92,12,23,438.08,0.14,68,11.0,Luxury,Female
CUST00619,28,58846.09,1167.1,17,12,68.65,0.31,115,12.0,Apparel,Male
CUST00620,51,71050.01,1703.52,20,18,85.18,0.34,97,11.0,Apparel,Male
CUST00621,42,42299.46,465.57,12,58,38.8,0.85,27,5.0,Grocery,Female
CUST00622,23,36649.32,475.99,5,71,95.2,0.76,57,5.0,Grocery,Female
CUST00623,56,90414.95,4189.94,12,2,349.16,0.1,9,9.0,Luxury,Female
CUST00624,51,78583.13,188.73,1,151,188.73,0.4,10,11.0,Electronics,Female
CUST00625,38,58936.33,2035.72,17,19,119.75,0.31,105,18.0,Apparel,Male
CUST00626,35,111742.12,3292.99,10,1,329.3,0.22,59,10.0,Electronics,Male
CUST00627,25,84295.9,100.41,1,74,100.41,0.58,43,12.0,Home,Female
CUST00628,32,53725.91,1611.41,23,5,70.06,0.36,56,15.0,Grocery,Female
CUST00629,38,36996.32,289.53,5,49,57.91,0.65,24,12.0,Grocery,Male
CUST00630,45,120095.01,3995.05,16,23,249.69,0.05,18,8.0,Home,Female
CUST00631,34,80293.94,1582.52,25,7,63.3,0.28,88,16.0,Grocery,Male
CUST00632,34,53970.4,294.98,1,20,294.98,0.31,1,13.0,Electronics,Male
CUST00633,49,55244.54,186.25,4,108,46.56,0.33,40,12.0,Apparel,Male
CUST00634,21,46151.27,206.48,1,177,206.48,0.46,27,17.0,Apparel,Male
CUST00635,38,36064.57,259.37,7,28,37.05,0.8,12,8.0,Grocery,Female
CUST00636,29,67171.0,108.79,2,153,54.4,0.32,42,14.0,Home,Male
CUST00637,35,,324.43,1,66,324.43,0.38,27,,Electronics,Female
CUST00638,35,36175.1,501.22,4,68,125.3,0.61,44,3.0,Grocery,Male
CUST00639,32,119150.3,4999.12,23,2,217.35,0.01,74,14.0,Electronics,Male
CUST00640,53,65135.2,5406.4,15,17,360.43,0.02,71,14.0,Home,Female
CUST00641,23,44614.71,437.52,3,29,145.84,0.73,54,7.0,Apparel,Female
CUST00642,45,110607.02,4469.12,7,20,638.45,0.02,10,12.0,Electronics,Female
CUST00643,31,36817.47,578.51,7,54,82.64,0.57,14,7.0,Grocery,Male
CUST00644,47,67463.33,4228.46,17,27,248.73,0.01,32,10.0,Luxury,Female
CUST00645,32,51762.12,407.43,5,27,81.49,0.71,10,5.0,Grocery,Female
CUST00646,20,72176.48,319.07,2,18,159.54,0.52,2,9.0,Electronics,Male
CUST00647,24,24988.27,236.13,2,92,118.06,0.43,10,12.0,Electronics,Male
CUST00648,37,76907.02,2167.64,15,10,144.51,0.37,113,14.0,Grocery,Other
CUST00649,35,97210.44,1568.22,17,19,92.25,0.23,24,18.0,Apparel,Female
CUST00650,27,76129.29,169.94,3,121,56.65,0.26,39,13.0,Apparel,Other
CUST00651,42,42863.23,377.68,6,54,62.95,0.54,3,6.0,Apparel,Male
CUST00652,26,48342.65,54.84,1,162,54.84,0.52,8,12.0,Apparel,Female
CUST00653,27,76996.64,67.26,1,120,67.26,0.44,16,16.0,Apparel,Male
CUST00654,57,87418.67,1931.06,15,1,128.74,0.13,27,16.0,Home,Female
CUST00655,20,69989.27,264.38,3,65,88.13,0.58,13,13.0,Home,Female
CUST00656,34,28655.9,586.36,4,18,146.59,0.73,32,8.0,Grocery,Male
CUST00657,35,108635.95,2933.95,17,8,172.59,0.12,45,10.0,Luxury,Other
CUST00658,33,100395.2,4022.67,15,2,268.18,0.25,79,16.0,Luxury,Female
CUST00659,56,69736.48,1722.98,20,16,86.15,0.2,77,13.0,Apparel,Other
CUST00660,32,49825.25,198.16,2,77,99.08,0.52,8,16.0,Home,Other
CUST00661,40,118800.08,5259.57,22,2,239.07,0.25,41,7.0,Home,Female
CUST00662,31,49610.22,198.13,3,26,66.04,0.58,2,11.0,Electronics,Male
CUST00663,37,62560.0,1024.03,19,18,53.9,0.23,118,17.0,Home,Female
CUST00664,40,41636.02,302.58,7,40,43.23,0.89,24,7.0,Grocery,Male
CUST00665,22,,268.88,9,18,29.88,0.74,15,,Apparel,Female
CUST00666,36,15000.0,363.88,10,78,36.39,0.71,34,9.0,Grocery,Male
CUST00667,33,39442.44,335.26,8,20,41.91,0.76,7,7.0,Grocery,Male
CUST00668,25,36933.77,474.66,1,10,474.66,0.83,37,7.0,Grocery,Female
CUST00669,39,47658.93,523.85,6,70,87.31,0.62,18,8.0,Grocery,Female
CUST00670,32,100336.53,3022.84,7,5,431.83,0.08,61,7.0,Electronics,Female
CUST00671,39,45362.81,274.8,9,47,30.53,0.58,51,7.0,Apparel,Male
CUST00672,18,36686.53,391.27,1,18,391.27,0.63,2,3.0,Electronics,Female
CUST00673,37,24827.43,266.61,6,41,44.44,0.62,26,8.0,Grocery,Male
CUST00674,28,75860.33,211.7,2,146,105.85,0.47,3,21.0,Home,Female
CUST00675,31,29216.04,263.76,1,86,263.76,0.43,26,21.0,Home,Female
CUST00676,22,57882.78,147.77,5,18,29.55,0.31,3,13.0,Apparel,Female
CUST00677,43,41772.23,419.41,3,82,139.8,0.79,54,10.0,Grocery,Male
CUST00678,41,102778.11,3865.95,18,21,214.78,0.19,47,6.0,Electronics,Male
CUST00679,35,57730.51,121.43,2,33,60.71,0.68,1,6.0,Electronics,Male
CUST00680,39,62016.83,174.26,2,34,87.13,0.34,1,8.0,Apparel,Male
CUST00681,33,83521.84,1814.54,22,14,82.48,0.16,67,13.0,Home,Male
CUST00682,31,103346.65,3741.79,9,28,415.75,0.03,21,7.0,Luxury,Female
CUST00683,32,42034.92,385.04,5,60,77.01,0.52,44,11.0,Grocery,Female
CUST00684,50,,1543.96,20,3,77.2,0.13,50,,Home,Female
CUST00685,34,62492.62,507.76,1,7,507.76,0.37,0,14.0,Apparel,Other
CUST00686,18,41868.33,140.53,4,152,35.13,0.37,42,15.0,Home,Female
CUST00687,21,54274.56,163.13,4,168,40.78,0.27,5,15.0,Home,Female
CUST00688,56,96070.78,5877.78,15,13,391.85,0.19,63,7.0,Luxury,Male
CUST00689,35,60334.74,1881.41,19,3,99.02,0.13,28,8.0,Home,Female
CUST00690,35,43171.81,469.91,3,72,156.64,0.54,44,8.0,Apparel,Male
CUST00691,38,121679.52,4249.21,9,12,472.13,0.13,12,14.0,Electronics,Female
CUST00692,32,45238.92,151.63,5,147,30.33,0.51,21,18.0,Home,Female
CUST00693,44,50550.98,250.36,1,103,250.36,0.41,1,21.0,Apparel,Female
CUST00694,29,39911.31,614.39,3,40,204.8,0.8,19,9.0,Grocery,Female
CUST00695,35,40180.14,573.65,11,47,52.15,0.88,29,12.0,Grocery,Male
CUST00696,49,91058.1,1278.24,11,6,116.2,0.18,70,15.0,Grocery,Female
CUST00697,48,80195.05,4331.77,19,4,227.99,0.01,26,8.0,Electronics,Female
CUST00698,59,72847.18,376.68,2,96,188.34,0.28,46,10.0,Electronics,Other
CUST00699,28,38160.12,257.31,6,12,42.88,0.62,31,7.0,Grocery,Female
CUST00700,27,73817.35,193.05,1,92,193.05,0.35,34,10.0,Home,Male
CUST00701,26,52776.66,220.42,1,117,220.42,0.55,3,26.0,Apparel,Male
CUST00702,42,35781.62,585.28,4,29,146.32,0.89,31,5.0,Grocery,Female
CUST00703,30,87098.26,4972.73,14,9,355.2,0.01,22,13.0,Luxury,Female
CUST00704,25,53259.93,332.72,11,35,30.25,0.65,44,6.0,Apparel,Female
CUST00705,39,36616.43,463.75,6,40,77.29,0.89,2,8.0,Grocery,Other
CUST00706,39,31380.76,286.33,4,2,71.58,0.37,3,9.0,Electronics,Male
CUST00707,46,112822.29,2827.51,8,16,353.44,0.18,78,7.0,Luxury,Male
CUST00708,34,58771.82,1843.39,21,8,87.78,0.28,25,9.0,Home,Female
CUST00709,48,94514.6,3998.7,9,26,444.3,0.15,53,13.0,Electronics,Female
CUST00710,33,69594.65,1748.68,27,16,64.77,0.19,30,9.0,Apparel,Male
CUST00711,53,75664.23,1337.16,23,11,58.14,0.35,47,15.0,Grocery,Male
CUST00712,30,68859.57,28.9,3,108,10.0,0.57,38,13.0,Apparel,Male
CUST00713,18,22579.58,189.11,1,172,189.11,0.24,1,15.0,Electronics,Female
CUST00714,60,55201.31,178.94,1,100,178.94,0.45,10,13.0,Home,Female
CUST00715,57,100747.38,3915.01,19,24,206.05,0.06,73,11.0,Electronics,Male
CUST00716,38,64909.25,194.33,1,42,194.33,0.47,3,10.0,Apparel,Male
CUST00717,54,44073.09,1828.95,25,18,73.16,0.11,32,15.0,Home,Male
CUST00718,23,47871.72,239.35,1,24,239.35,0.47,2,12.0,Apparel,Female
CUST00719,39,33529.54,471.17,10,77,47.12,0.72,2,5.0,Grocery,Female
CUST00720,46,70668.25,1305.77,26,10,50.22,0.2,112,18.0,Grocery,Male
CUST00721,26,62238.43,266.53,3,1,88.84,0.47,1,11.0,Apparel,Female
CUST00722,35,35861.46,503.81,4,16,125.95,0.82,11,7.0,Apparel,Male
CUST00723,34,45966.96,734.22,9,73,81.58,0.79,38,15.0,Grocery,Female
CUST00724,55,65179.66,1023.84,17,15,60.23,0.33,61,7.0,Grocery,Female
CUST00725,23,57474.76,155.0,3,72,51.67,0.29,2,12.0,Apparel,Male
CUST00726,39,61626.88,2099.56,18,15,116.64,0.19,44,11.0,Grocery,Male
CUST00727,43,36373.45,584.66,9,41,64.96,0.5,39,8.0,Grocery,Male
CUST00728,48,85032.42,2433.68,20,2,121.68,0.23,69,11.0,Home,Female
CUST00729,25,27457.87,487.12,5,72,97.42,0.77,54,12.0,Grocery,Female
CUST00730,23,53569.95,526.01,6,32,87.67,0.52,31,10.0,Apparel,Female
CUST00731,40,24699.8,270.36,7,59,38.62,0.52,51,10.0,Apparel,Female
CUST00732,55,67759.0,1867.12,20,14,93.36,0.28,49,12.0,Apparel,Female
CUST00733,47,69950.67,2016.48,23,19,87.67,0.26,110,14.0,Grocery,Other
CUST00734,55,41381.97,216.11,1,157,216.11,0.51,14,12.0,Home,Female
CUST00735,40,116279.11,3591.97,15,10,239.46,0.23,43,11.0,Home,Female
CUST00736,18,45741.75,117.47,2,16,58.74,0.42,2,6.0,Apparel,Male
CUST00737,56,115473.2,5181.47,16,8,323.84,0.22,52,9.0,Electronics,Male
CUST00738,42,85077.98,1951.71,24,5,81.32,0.3,102,11.0,Grocery,Female
CUST00739,19,54856.21,20.0,2,96,10.0,0.2,45,16.0,Electronics,Male
CUST00740,55,95176.75,4926.97,15,10,328.46,0.13,49,9.0,Home,Male
CUST00741,31,40646.86,203.8,1,174,203.8,0.33,11,17.0,Electronics,Female
CUST00742,47,115763.31,3064.3,18,28,170.24,0.09,52,6.0,Electronics,Male
CUST00743,44,56444.85,1241.02,24,1,51.71,0.23,93,12.0,Home,Female
CUST00744,26,66010.83,179.23,1,106,179.23,0.51,45,13.0,Apparel,Female
CUST00745,41,33511.59,419.9,8,87,52.49,0.54,25,10.0,Grocery,Male
CUST00746,24,63946.29,310.13,1,34,310.13,0.4,0,7.0,Electronics,Female
CUST00747,54,108998.39,5524.54,8,5,690.57,0.18,18,10.0,Electronics,Female
CUST00748,60,52897.28,231.95,4,113,57.99,0.32,46,12.0,Home,Female
CUST00749,18,35059.03,266.93,3,37,88.98,0.3,1,9.0,Apparel,Male
CUST00750,49,69532.67,1851.84,25,4,74.07,0.39,115,9.0,Home,Female
CUST00751,24,37716.64,386.75,10,88,38.68,0.61,32,4.0,Apparel,Male
CUST00752,22,52979.1,224.27,1,41,224.27,0.65,0,10.0,Electronics,Female
CUST00753,40,62298.6,2159.13,19,1,113.64,0.37,63,20.0,Home,Male
CUST00754,52,123877.8,5044.66,9,9,560.52,0.05,83,9.0,Luxury,Male
CUST00755,25,52645.95,509.18,4,68,127.3,0.71,24,8.0,Grocery,Male
CUST00756,30,94567.22,1853.91,18,16,102.99,0.16,45,4.0,Grocery,Male
CUST00757,48,76553.52,2212.74,18,7,122.93,0.31,64,13.0,Home,Male
CUST00758,33,75437.91,77.47,1,130,77.47,0.37,7,11.0,Home,Female
CUST00759,18,44515.83,242.54,2,23,121.27,0.44,3,13.0,Apparel,Female
CUST00760,38,67082.07,1880.42,19,8,98.97,0.19,57,14.0,Apparel,Female
CUST00761,22,27918.62,495.4,7,68,70.77,0.61,50,12.0,Apparel,Female
CUST00762,53,146738.34,3702.41,15,19,246.83,0.05,33,10.0,Electronics,Female
CUST00763,22,16184.8,144.84,3,82,48.28,0.62,59,4.0,Apparel,Male
CUST00764,30,63714.48,1720.44,18,1,95.58,0.16,45,16.0,Apparel,Female
CUST00765,39,36474.79,472.05,7,49,67.44,0.61,2,1.0,Apparel,Female
CUST00766,26,49679.47,118.16,1,83,118.16,0.26,19,11.0,Electronics,Male
CUST00767,31,45521.74,1986.77,14,11,141.91,0.27,87,22.0,Home,Female
CUST00768,19,37780.95,111.4,2,3,55.7,0.56,2,8.0,Electronics,Female
CUST00769,40,107339.49,3251.36,14,4,232.24,0.18,20,11.0,Electronics,Female
CUST00770,41,83458.87,1521.64,14,16,108.69,0.18,47,13.0,Home,Male
CUST00771,30,56151.93,472.61,5,33,94.52,0.54,23,7.0,Apparel,Female
CUST00772,44,77892.27,1744.56,14,12,124.61,0.11,78,9.0,Home,Male
CUST00773,28,34733.74,420.77,8,68,52.6,0.55,26,5.0,Apparel,Male
CUST00774,44,114638.86,3192.21,12,27,266.02,0.22,18,18.0,Home,Female
CUST00775,38,74728.58,1419.9,22,17,64.54,0.22,78,12.0,Home,Male
CUST00776,38,40423.77,379.3,10,82,37.93,0.8,7,10.0,Apparel,Female
CUST00777,34,38750.06,560.63,6,31,93.44,0.81,12,8.0,Grocery,Male
CUST00778,29,75765.19,2390.83,9,1,265.65,0.33,97,12.0,Apparel,Female
CUST00779,46,62753.43,1883.26,15,13,125.55,0.37,66,8.0,Grocery,Female
CUST00780,32,86511.34,2717.5,23,19,118.15,0.11,113,11.0,Apparel,Female
CUST00781,40,51742.33,1479.87,15,12,98.66,0.13,24,11.0,Grocery,Female
CUST00782,36,69981.59,274.64,4,77,68.66,0.38,22,9.0,Home,Female
CUST00783,47,125867.9,3875.31,17,4,227.96,0.24,52,12.0,Luxury,Male
CUST00784,42,119192.75,5022.25,12,17,418.52,0.17,45,8.0,Home,Male
CUST00785,32,36233.62,502.52,5,44,100.5,0.55,40,3.0,Grocery,Female
CUST00786,23,41955.15,137.56,1,39,137.56,0.62,3,7.0,Electronics,Male
CUST00787,24,55800.76,230.25,1,144,230.25,0.27,44,17.0,Electronics,Female
CUST00788,19,74950.85,109.01,2,173,54.5,0.55,36,13.0,Home,Male
CUST00789,56,51405.55,162.14,2,106,81.07,0.35,21,14.0,Electronics,Female
CUST00790,39,43303.02,202.68,6,14,33.78,0.66,2,6.0,Apparel,Male
CUST00791,38,35779.05,454.23,3,34,151.41,0.58,40,8.0,Apparel,Male
CUST00792,35,47268.41,182.13,4,164,45.53,0.54,38,9.0,Apparel,Female
CUST00793,50,41078.69,268.51,2,175,134.25,0.36,13,15.0,Home,Female
CUST00794,44,71726.57,1550.23,24,2,64.59,0.17,60,14.0,Home,Male
CUST00795,23,40954.4,189.27,7,59,27.04,0.68,48,8.0,Grocery,Female
CUST00796,23,66360.36,161.88,3,8,53.96,0.37,0,5.0,Electronics,Female
CUST00797,31,54210.45,96.9,1,4,96.9,0.54,3,11.0,Electronics,Male
CUST00798,40,58670.51,363.71,4,175,90.93,0.34,47,12.0,Home,Male
CUST00799,56,96114.27,2094.36,14,2,149.6,0.25,85,16.0,Home,Female
CUST00800,23,42392.4,277.24,2,39,138.62,0.65,1,16.0,Electronics,Male
CUST00801,47,38048.0,2690.06,19,3,141.58,0.2,93,11.0,Grocery,Male
CUST00802,40,37738.97,154.54,4,67,38.64,0.72,52,5.0,Apparel,Female
CUST00803,60,56940.74,153.4,2,121,76.7,0.52,3,19.0,Apparel,Female
CUST00804,34,79902.97,1393.39,20,5,69.67,0.3,80,12.0,Grocery,Female
CUST00805,60,56089.16,128.53,2,171,64.26,0.23,11,11.0,Electronics,Female
CUST00806,53,91015.86,1245.98,17,10,73.29,0.13,90,18.0,Grocery,Female
CUST00807,19,44509.95,135.33,2,38,67.66,0.44,0,15.0,Electronics,Male
CUST00808,22,50709.72,180.23,1,22,180.23,0.67,2,18.0,Apparel,Male
CUST00809,30,42057.86,186.38,3,82,62.13,0.28,4,14.0,Apparel,Female
CUST00810,40,38811.38,359.56,7,22,51.37,0.68,28,12.0,Apparel,Female
CUST00811,38,46346.5,350.71,2,3,175.36,0.37,3,10.0,Electronics,Male
CUST00812,48,69962.37,1311.33,26,14,50.44,0.23,115,16.0,Home,Female
CUST00813,31,31228.81,659.29,4,48,164.82,0.81,19,6.0,Grocery,Male
CUST00814,32,39436.5,154.31,2,44,77.16,0.62,2,8.0,Electronics,Female
CUST00815,19,55026.94,20.0,1,20,10.0,0.68,2,13.0,Electronics,Female
CUST00816,47,58493.05,49.13,4,77,12.28,0.51,21,17.0,Apparel,Female
CUST00817,18,89722.32,196.58,2,127,98.29,0.51,21,20.0,Apparel,Male
CUST00818,41,,1996.95,8,5,249.62,0.13,72,,Luxury,Other
CUST00819,36,44549.57,559.7,7,63,79.96,0.9,11,10.0,Apparel,Male
CUST00820,39,112668.87,3905.43,11,13,355.04,0.05,67,7.0,Electronics,Male
CUST00821,52,69963.17,1772.7,25,1,70.91,0.31,79,16.0,Apparel,Female
CUST00822,29,28976.17,339.86,9,42,37.76,0.85,19,6.0,Grocery,Female
CUST00823,52,152749.09,3518.07,14,3,251.29,0.12,73,6.0,Electronics,Female
CUST00824,30,104234.87,3457.87,15,24,230.52,0.17,50,12.0,Electronics,Female
CUST00825,45,63319.96,73.55,1,114,73.55,0.29,39,6.0,Apparel,Female
CUST00826,25,39047.85,192.13,1,36,192.13,0.35,1,11.0,Electronics,Female
CUST00827,32,131543.25,4360.19,19,28,229.48,0.12,11,9.0,Luxury,Female
CUST00828,31,121487.73,3752.37,15,4,250.16,0.11,57,11.0,Home,Female
CUST00829,50,85398.33,1798.42,32,7,56.2,0.13,44,11.0,Apparel,Male
CUST00830,61,58599.9,137.35,1,77,137.35,0.35,37,17.0,Home,Female
CUST00831,33,15828.65,402.54,7,54,57.51,0.8,51,8.0,Grocery,Female
CUST00832,64,82408.28,333.5,1,66,333.5,0.41,41,11.0,Apparel,Male
CUST00833,22,41050.81,454.95,3,12,151.65,0.83,45,10.0,Grocery,Male
CUST00834,41,58368.44,655.48,8,69,81.93,0.58,14,9.0,Grocery,Female
CUST00835,22,52052.09,253.38,4,149,63.34,0.58,43,12.0,Electronics,Female
CUST00836,50,60931.26,187.5,3,159,62.5,0.47,20,16.0,Electronics,Female
CUST00837,31,33804.2,279.12,1,42,279.12,0.46,1,18.0,Electronics,Male
CUST00838,48,100893.55,4749.96,16,5,296.87,0.16,52,14.0,Luxury,Other
CUST00839,22,,197.54,3,88,65.85,0.42,35,,Apparel,Male
CUST00840,46,70810.74,1682.52,19,17,88.55,0.32,59,17.0,Home,Male
CUST00841,33,37912.49,502.78,6,64,83.8,0.78,38,4.0,Grocery,Other
CUST00842,46,103086.73,1738.8,28,6,62.1,0.26,46,11.0,Apparel,Female
CUST00843,22,36800.98,583.48,1,38,583.48,0.69,40,9.0,Grocery,Male
CUST00844,28,67378.95,81.12,2,18,40.56,0.67,0,9.0,Apparel,Male
CUST00845,32,28750.98,316.95,8,59,39.62,0.64,38,11.0,Apparel,Female
CUST00846,34,65220.14,20.0,5,168,10.0,0.38,41,23.0,Apparel,Other
CUST00847,29,38004.31,486.36,3,51,162.12,0.87,20,10.0,Apparel,Male
CUST00848,27,39819.47,221.74,3,40,73.91,0.38,0,3.0,Apparel,Male
CUST00849,25,54775.31,338.61,1,167,338.61,0.45,45,19.0,Apparel,Female
CUST00850,48,55780.31,190.17,5,121,38.03,0.51,24,18.0,Apparel,Female
CUST00851,36,56413.4,358.43,2,26,179.21,0.55,28,9.0,Grocery,Male
CUST00852,51,50484.95,2415.27,17,3,142.07,0.21,32,13.0,Grocery,Male
CUST00853,27,49088.37,384.1,8,16,48.01,0.59,54,8.0,Grocery,Male
CUST00854,29,74679.03,172.92,4,25,43.23,0.64,2,4.0,Electronics,Male
CUST00855,36,31735.74,489.07,5,19,97.81,0.54,16,11.0,Grocery,Male
CUST00856,26,18920.43,298.69,9,54,33.19,0.67,57,6.0,Grocery,Male
CUST00857,37,29221.27,522.73,7,74,74.68,0.81,47,6.0,Grocery,Male
CUST00858,35,70764.46,168.16,1,140,168.16,0.45,42,16.0,Apparel,Male
CUST00859,26,38856.19,103.44,1,139,103.44,0.2,31,15.0,Apparel,Female
CUST00860,24,49683.33,480.54,5,63,96.11,0.75,41,8.0,Grocery,Male
CUST00861,47,62309.94,2251.56,23,19,97.89,0.33,80,12.0,Grocery,Male
CUST00862,20,35087.39,139.91,4,138,34.98,0.43,45,18.0,Electronics,Female
CUST00863,27,82516.14,208.65,2,68,104.32,0.22,15,19.0,Apparel,Male
CUST00864,20,69783.13,170.7,4,129,42.68,0.27,11,17.0,Electronics,Female
CUST00865,32,51204.89,234.34,1,159,234.34,0.46,22,23.0,Apparel,Male
CUST00866,24,79269.42,84.19,1,179,84.19,0.34,35,14.0,Home,Female
CUST00867,24,45708.98,485.79,7,21,69.4,0.88,16,6.0,Grocery,Male
CUST00868,37,36035.84,504.44,7,78,72.06,0.6,45,10.0,Grocery,Female
CUST00869,29,44677.71,206.89,3,13,68.96,0.37,1,7.0,Electronics,Female
CUST00870,29,31692.62,275.21,1,39,275.21,0.32,3,7.0,Apparel,Female
CUST00871,58,114013.47,4434.0,13,20,341.08,0.19,22,10.0,Electronics,Female
CUST00872,34,110006.37,3698.45,19,29,194.66,0.18,35,10.0,Electronics,Other
CUST00873,45,59972.54,1546.41,15,17,103.09,0.29,94,9.0,Apparel,Male
CUST00874,53,31997.49,132.51,5,161,26.5,0.42,29,20.0,Home,Female
CUST00875,34,37299.57,422.03,3,62,140.68,0.57,41,7.0,Grocery,Male
CUST00876,34,35327.84,356.86,6,56,59.48,0.67,34,8.0,Apparel,Male
CUST00877,50,68803.02,1962.07,17,17,115.42,0.3,60,15.0,Grocery,Female
CUST00878,48,75059.96,2384.08,21,18,113.53,0.35,65,7.0,Home,Male
CUST00879,28,36804.85,267.72,3,55,89.24,0.77,55,14.0,Grocery,Male
CUST00880,43,46309.4,426.08,5,60,85.22,0.86,4,15.0,Grocery,Female
CUST00881,22,52301.53,216.99,6,57,36.17,0.85,44,7.0,Apparel,Other
CUST00882,32,71189.37,1393.95,23,10,60.61,0.35,85,14.0,Apparel,Other
CUST00883,34,31818.88,393.41,5,39,78.68,0.69,32,10.0,Grocery,Other
CUST00884,38,43927.63,331.98,6,22,55.33,0.52,46,7.0,Grocery,Female
CUST00885,33,73769.15,1374.05,32,18,42.94,0.38,35,13.0,Grocery,Female
CUST00886,44,40300.64,627.69,3,20,209.23,0.83,2,9.0,Apparel,Other
CUST00887,44,74189.91,1747.34,27,6,64.72,0.37,75,14.0,Apparel,Male
CUST00888,31,33306.04,459.21,10,56,45.92,0.53,42,8.0,Grocery,Male
CUST00889,30,40956.1,487.51,5,35,97.5,0.53,2,12.0,Grocery,Male
CUST00890,43,21456.33,315.0,5,78,63.0,0.64,4,6.0,Apparel,Male
CUST00891,34,46849.02,1371.29,21,5,65.3,0.2,29,10.0,Apparel,Female
CUST00892,23,44181.92,164.73,1,30,164.73,0.42,3,14.0,Apparel,Male
CUST00893,36,58437.15,2426.39,22,9,110.29,0.29,58,9.0,Home,Female
CUST00894,54,124368.23,4400.72,10,21,440.07,0.01,55,13.0,Electronics,Other
CUST00895,56,62194.34,1584.81,29,1,54.65,0.38,28,10.0,Home,Female
CUST00896,43,24622.02,348.31,4,74,87.08,0.53,22,10.0,Grocery,Male
CUST00897,40,142125.21,3173.6,11,20,288.51,0.0,77,9.0,Electronics,Female
CUST00898,18,52617.21,233.85,1,26,233.85,0.54,1,9.0,Apparel,Female
CUST00899,43,36554.9,549.05,3,20,183.02,0.85,51,11.0,Apparel,Female
CUST00900,27,17014.8,447.82,3,52,149.27,0.84,57,11.0,Grocery,Male
CUST00901,34,37277.37,360.9,7,26,51.56,0.77,24,6.0,Apparel,Male
CUST00902,29,42247.46,358.17,6,76,59.69,0.73,51,7.0,Apparel,Male
CUST00903,33,42047.75,465.78,7,84,66.54,0.82,53,6.0,Apparel,Female
CUST00904,35,17931.49,38.78,2,163,19.39,0.49,13,11.0,Home,Male
CUST00905,29,55402.49,224.61,4,100,56.15,0.33,10,14.0,Electronics,Female
CUST00906,36,31474.07,63.63,1,30,63.63,0.45,3,6.0,Electronics,Male
CUST00907,46,69700.21,1548.13,13,15,119.09,0.37,69,4.0,Apparel,Male
CUST00908,30,115638.69,4610.85,16,10,288.18,0.06,70,5.0,Luxury,Male
CUST00909,46,119018.75,4325.49,14,24,308.96,0.05,24,12.0,Electronics,Female
CUST00910,35,111982.52,4235.42,10,17,423.54,0.05,80,10.0,Luxury,Female
CUST00911,61,56404.42,133.3,1,164,133.3,0.48,11,24.0,Home,Female
CUST00912,41,132101.5,2671.77,9,6,296.86,0.14,49,6.0,Luxury,Female
CUST00913,47,90212.69,1820.58,12,15,151.72,0.31,87,10.0,Home,Male
CUST00914,61,46328.15,139.46,3,99,46.49,0.58,2,16.0,Electronics,Female
CUST00915,53,36435.36,232.45,1,61,232.45,0.52,15,13.0,Apparel,Other
CUST00916,32,75492.46,184.44,3,130,61.48,0.57,43,8.0,Electronics,Male
CUST00917,40,98315.42,6936.62,16,10,433.54,0.06,40,13.0,Luxury,Male
CUST00918,39,37812.2,117.77,1,3,117.77,0.53,1,13.0,Electronics,Male
CUST00919,31,91896.51,1281.35,24,5,53.39,0.34,85,12.0,Grocery,Female
CUST00920,43,62772.71,453.43,9,18,50.38,0.85,45,10.0,Apparel,Female
CUST00921,34,65198.51,147.26,3,19,49.09,0.64,3,9.0,Electronics,Female
CUST00922,35,94379.58,166.5,4,111,41.62,0.23,24,17.0,Apparel,Female
CUST00923,24,47309.27,169.99,2,36,84.99,0.62,3,14.0,Apparel,Female
CUST00924,39,67670.59,1715.54,20,8,85.78,0.14,33,7.0,Home,Female
CUST00925,60,62560.76,241.4,1,114,241.4,0.24,47,19.0,Electronics,Male
CUST00926,37,43209.54,455.27,7,40,65.04,0.61,39,9.0,Grocery,Male
CUST00927,44,111397.76,5257.32,15,26,350.49,0.1,52,13.0,Home,Female
CUST00928,19,67897.29,208.55,5,79,41.71,0.46,47,16.0,Home,Female
CUST00929,56,69511.98,1381.02,18,13,76.72,0.21,116,17.0,Apparel,Male
CUST00930,56,110375.97,3687.7,6,7,614.62,0.19,16,13.0,Electronics,Male
CUST00931,37,38151.25,564.88,5,82,112.98,0.57,31,8.0,Apparel,Female
CUST00932,28,77017.41,1758.68,12,8,146.56,0.26,38,12.0,Grocery,Male
CUST00933,22,66561.48,275.94,5,32,55.19,0.54,2,11.0,Electronics,Male
CUST00934,31,46577.12,262.64,1,170,262.64,0.59,7,20.0,Apparel,Female
CUST00935,33,40902.47,464.38,6,21,77.4,0.85,31,10.0,Apparel,Male
CUST00936,56,90058.79,3248.47,14,22,232.03,0.03,58,13.0,Electronics,Male
CUST00937,33,44974.39,387.96,3,15,129.32,0.89,58,7.0,Grocery,Female
CUST00938,35,39806.99,235.12,1,32,235.12,0.47,0,7.0,Electronics,Male
CUST00939,32,41048.52,493.82,6,51,82.3,0.54,13,6.0,Apparel,Female
CUST00940,36,66498.17,146.17,3,125,48.72,0.26,45,17.0,Apparel,Male
CUST00941,32,104957.12,3567.63,12,19,297.3,0.1,68,8.0,Electronics,Male
CUST00942,46,61799.11,140.14,2,134,70.07,0.33,20,11.0,Apparel,Other
CUST00943,28,68464.38,1838.82,17,6,108.17,0.39,83,13.0,Home,Male
CUST00944,44,73280.99,2003.97,17,8,117.88,0.34,95,9.0,Home,Female
CUST00945,38,54846.85,541.7,10,15,54.17,0.66,48,10.0,Grocery,Other
CUST00946,38,35542.58,204.46,2,78,102.23,0.56,29,6.0,Grocery,Male
CUST00947,43,52117.92,798.35,6,60,133.06,0.6,50,7.0,Apparel,Female
CUST00948,24,51527.02,275.37,5,16,55.07,0.57,2,7.0,Electronics,Female
CUST00949,24,57264.54,273.03,2,14,136.51,0.43,1,11.0,Apparel,Male
CUST00950,44,50904.26,20.0,3,105,10.0,0.34,15,18.0,Apparel,Female
CUST00951,47,72308.95,1084.48,22,8,49.29,0.4,95,11.0,Grocery,Male
CUST00952,32,48852.89,1943.3,14,13,138.81,0.26,38,14.0,Grocery,Female
CUST00953,43,43033.44,254.51,10,78,25.45,0.51,8,10.0,Apparel,Female
CUST00954,36,60890.39,329.02,2,9,164.51,0.48,0,12.0,Electronics,Male
CUST00955,38,63229.17,134.05,4,119,33.51,0.35,4,17.0,Home,Female
CUST00956,45,104676.28,3605.02,9,24,400.56,0.06,47,6.0,Electronics,Male
CUST00957,24,44445.45,239.38,6,142,39.9,0.24,20,18.0,Home,Male
CUST00958,24,36211.58,564.39,6,62,94.06,0.66,32,6.0,Grocery,Female
CUST00959,33,24053.79,494.3,12,73,41.19,0.56,36,3.0,Grocery,Female
CUST00960,53,76202.45,1107.23,30,14,36.91,0.22,83,12.0,Grocery,Female
CUST00961,29,41337.33,436.72,4,89,109.18,0.66,57,9.0,Apparel,Female
CUST00962,43,88576.97,1830.91,28,16,65.39,0.14,83,5.0,Home,Female
CUST00963,39,40576.64,720.89,9,43,80.1,0.56,56,6.0,Grocery,Female
CUST00964,43,78412.56,5717.41,18,10,317.63,0.05,16,10.0,Electronics,Female
CUST00965,46,87405.13,5763.41,14,19,411.67,0.24,46,7.0,Electronics,Male
CUST00966,42,157530.82,4032.74,7,27,576.11,0.14,76,12.0,Electronics,Female
CUST00967,48,61507.53,1350.05,15,19,90.0,0.26,103,13.0,Grocery,Male
CUST00968,45,121783.64,5103.27,9,18,567.03,0.01,79,11.0,Home,Male
CUST00969,32,37680.45,109.55,2,145,54.78,0.55,17,19.0,Apparel,Male
CUST00970,21,53805.83,158.14,3,131,52.71,0.25,18,19.0,Home,Female
CUST00971,39,97968.68,2191.23,18,13,121.73,0.11,90,16.0,Grocery,Male
CUST00972,35,51108.58,180.03,5,20,36.01,0.48,3,7.0,Apparel,Male
CUST00973,33,56239.28,1884.36,17,2,110.84,0.36,106,17.0,Grocery,Male
CUST00974,28,41159.37,267.63,5,19,53.53,0.7,40,9.0,Apparel,Male
CUST00975,41,52245.11,669.55,7,61,95.65,0.56,39,4.0,Apparel,Male
CUST00976,51,90586.64,4434.24,18,8,246.35,0.2,41,9.0,Luxury,Other
CUST00977,57,82015.14,295.98,1,66,295.98,0.49,25,19.0,Electronics,Female
CUST00978,26,28829.18,357.26,8,84,44.66,0.75,1,9.0,Apparel,Male
CUST00979,47,48738.27,259.28,1,130,259.28,0.49,17,10.0,Home,Female
CUST00980,22,38660.65,94.32,2,104,47.16,0.25,16,18.0,Home,Male
CUST00981,45,99563.39,3379.95,13,21,260.0,0.03,66,8.0,Home,Male
CUST00982,33,68043.47,1856.91,21,19,88.42,0.17,77,8.0,Home,Male
CUST00983,27,50052.23,362.89,4,57,90.72,0.72,27,8.0,Apparel,Female
CUST00984,35,43529.47,270.99,6,27,45.17,0.61,49,6.0,Grocery,Female
CUST00985,38,91640.67,1679.47,16,4,104.97,0.29,79,13.0,Home,Male
CUST00986,46,82286.16,217.41,3,174,72.47,0.6,12,19.0,Apparel,Female
CUST00987,30,95850.71,1484.98,19,10,78.16,0.18,93,5.0,Home,Female
CUST00988,52,29917.61,128.25,3,139,42.75,0.33,32,15.0,Home,Female
CUST00989,36,29858.14,493.65,5,54,98.73,0.86,11,6.0,Apparel,Female
CUST00990,47,64254.1,1368.67,25,11,54.75,0.13,102,19.0,Home,Female
CUST00991,44,86813.91,1690.6,24,2,70.44,0.14,95,15.0,Home,Female
CUST00992,44,91470.68,1271.26,21,7,60.54,0.32,110,13.0,Grocery,Male
CUST00993,30,120434.6,5179.5,15,21,345.3,0.08,7,8.0,Electronics,Female
CUST00994,50,63881.87,20.0,3,144,10.0,0.32,15,15.0,Electronics,Female
CUST00995,54,114674.3,3638.72,9,27,404.3,0.12,32,5.0,Luxury,Female
CUST00996,32,51741.18,490.94,11,50,44.63,0.73,14,6.0,Apparel,Female
CUST00997,28,49524.2,147.72,3,19,49.24,0.67,0,16.0,Electronics,Male
CUST00998,43,41367.48,431.07,7,76,61.58,0.67,29,9.0,Apparel,Other
CUST00999,39,54041.74,328.42,1,17,328.42,0.45,0,11.0,Apparel,Male
CUST01000,50,57149.3,119.46,1,119,119.46,0.52,5,9.0,Electronics,Female
CUST01001,23,38217.42,375.44,9,32,41.72,0.57,25,9.0,Grocery,Male
CUST01002,47,50553.26,239.26,2,132,119.63,0.45,41,18.0,Electronics,Male
CUST01003,33,60504.27,208.34,1,17,208.34,0.59,0,12.0,Apparel,Female
CUST01004,33,68793.21,1948.88,18,6,108.27,0.34,35,7.0,Grocery,Female
CUST01005,43,53497.12,1819.47,21,5,86.64,0.21,54,8.0,Apparel,Female
CUST01006,56,82521.89,2074.18,22,4,94.28,0.13,26,4.0,Home,Male
CUST01007,47,,1597.18,20,18,79.86,0.27,100,,Grocery,Female
CUST01008,48,71240.44,1346.08,23,5,58.53,0.17,71,13.0,Grocery,Female
CUST01009,25,35985.87,421.39,3,63,140.46,0.87,50,5.0,Grocery,Male
CUST01010,19,48395.11,115.34,2,92,57.67,0.37,31,23.0,Home,Male
CUST01011,41,35520.82,410.9,5,52,82.18,0.52,39,5.0,Grocery,Male
CUST01012,30,47982.32,235.0,3,30,78.33,0.33,0,11.0,Apparel,Female
CUST01013,34,41385.56,187.78,2,25,93.89,0.6,2,8.0,Apparel,Male
CUST01014,42,44317.38,196.64,6,38,32.77,0.75,24,5.0,Apparel,Male
CUST01015,28,79546.58,1687.3,14,13,120.52,0.24,63,13.0,Grocery,Female
CUST01016,30,53697.36,173.04,1,7,173.04,0.56,3,8.0,Apparel,Female
CUST01017,24,19944.28,526.51,5,30,105.3,0.59,16,3.0,Grocery,Male
CUST01018,57,59895.72,288.88,2,79,144.44,0.46,13,19.0,Electronics,Male
CUST01019,21,68382.88,187.71,1,5,187.71,0.63,1,12.0,Apparel,Male
CUST01020,42,48569.69,256.33,7,44,36.62,0.7,45,5.0,Apparel,Female
CUST01021,50,75054.2,1834.52,18,12,101.92,0.21,116,7.0,Apparel,Male
CUST01022,33,95848.47,3823.8,15,4,254.92,0.23,20,11.0,Luxury,Male
CUST01023,30,53974.67,270.68,2,24,135.34,0.35,3,9.0,Electronics,Female
CUST01024,21,57424.39,262.0,1,20,262.0,0.52,0,13.0,Apparel,Male
CUST01025,29,47681.09,248.68,1,14,248.68,0.32,1,12.0,Apparel,Male
CUST01026,24,49639.46,190.46,1,62,190.46,0.54,3,9.0,Home,Male
CUST01027,19,53204.63,267.92,5,40,53.58,0.66,2,8.0,Apparel,Female
CUST01028,29,85315.46,1319.07,10,8,131.91,0.3,115,5.0,Apparel,Female
CUST01029,42,123320.5,4939.86,21,12,235.23,0.2,81,8.0,Luxury,Female
CUST01030,31,71437.78,945.57,19,15,49.77,0.28,34,18.0,Home,Female
CUST01031,42,34444.64,480.59,5,66,96.12,0.88,3,8.0,Grocery,Male
CUST01032,53,74466.31,174.01,4,159,43.5,0.57,40,15.0,Electronics,Female
CUST01033,43,46091.84,560.42,3,22,186.81,0.74,48,4.0,Grocery,Female
CUST01034,31,,481.74,11,56,43.79,0.89,35,,Grocery,Female
CUST01035,34,44293.69,349.28,8,76,43.66,0.83,58,6.0,Grocery,Male
CUST01036,35,70213.23,1735.51,20,4,86.78,0.29,105,18.0,Apparel,Female
CUST01037,45,134566.01,4761.92,14,20,340.14,0.17,68,8.0,Home,Female
CUST01038,45,65619.95,1916.21,27,13,70.97,0.17,45,8.0,Grocery,Female
CUST01039,22,48853.83,504.27,9,84,56.03,0.8,42,7.0,Grocery,Female
CUST01040,49,144510.39,4853.17,18,15,269.62,0.05,47,11.0,Electronics,Female
CUST01041,19,95814.27,146.4,4,152,36.6,0.29,26,15.0,Apparel,Male
CUST01042,41,83969.23,1987.06,26,4,76.43,0.19,26,14.0,Home,Female
CUST01043,42,121349.57,4083.11,15,18,272.21,0.19,18,3.0,Luxury,Female
CUST01044,38,,1814.65,19,9,95.51,0.32,47,,Grocery,Female
CUST01045,25,43419.24,246.62,2,16,123.31,0.57,1,3.0,Apparel,Male
CUST01046,51,64266.53,1546.31,13,10,118.95,0.12,61,12.0,Grocery,Male
CUST01047,23,30344.01,473.14,5,44,94.63,0.88,4,9.0,Grocery,Female
CUST01048,40,32015.43,441.09,4,59,110.27,0.51,41,4.0,Apparel,Male
CUST01049,23,72860.0,164.18,1,28,164.18,0.5,3,11.0,Electronics,Female
CUST01050,36,45326.95,401.65,5,42,80.33,0.7,23,7.0,Grocery,Male
CUST01051,19,67883.56,103.71,2,13,51.86,0.35,2,6.0,Apparel,Female
CUST01052,28,70531.38,20.0,1,94,10.0,0.26,8,18.0,Apparel,Female
CUST01053,22,55307.28,109.31,3,27,36.44,0.39,2,7.0,Apparel,Male
CUST01054,52,82747.37,1834.55,18,4,101.92,0.32,67,20.0,Home,Female
CUST01055,35,69531.74,266.41,1,28,266.41,0.55,2,10.0,Apparel,Male
CUST01056,56,120903.39,4362.15,8,15,545.27,0.16,37,13.0,Home,Male
CUST01057,32,98020.52,1892.75,25,1,75.71,0.11,90,17.0,Grocery,Female
CUST01058,61,71235.68,309.28,1,139,309.28,0.36,18,10.0,Apparel,Female
CUST01059,63,51635.4,174.44,3,163,58.15,0.53,31,13.0,Apparel,Female
CUST01060,33,79884.51,1975.95,22,5,89.82,0.37,91,10.0,Home,Female
CUST01061,22,50320.23,290.27,2,38,145.13,0.52,0,10.0,Apparel,Female
CUST01062,28,45313.21,261.54,1,18,261.54,0.57,0,7.0,Electronics,Male
CUST01063,37,57179.26,2108.49,23,5,91.67,0.26,83,11.0,Home,Male
CUST01064,34,59589.4,283.68,1,64,283.68,0.42,14,15.0,Electronics,Other
CUST01065,48,90623.76,70.51,1,106,70.51,0.52,28,24.0,Home,Male
CUST01066,33,74051.6,2275.74,18,16,126.43,0.24,100,10.0,Home,Male
CUST01067,23,49625.68,517.27,10,67,51.73,0.51,30,10.0,Grocery,Male
CUST01068,44,38967.32,405.7,6,28,67.62,0.76,48,9.0,Grocery,Male
CUST01069,56,143714.88,5309.46,16,20,331.84,0.2,32,13.0,Home,Female
CUST01070,44,109843.68,3120.17,15,1,208.01,0.17,13,9.0,Luxury,Female
CUST01071,52,92314.48,3761.5,20,21,188.08,0.11,62,8.0,Home,Female
CUST01072,31,42342.91,446.71,2,86,223.36,0.51,31,7.0,Apparel,Female
CUST01073,22,53757.48,289.97,2,24,144.99,0.57,56,5.0,Grocery,Male
CUST01074,36,41849.17,484.48,2,64,242.24,0.73,9,7.0,Apparel,Female
CUST01075,36,53687.71,403.44,2,38,201.72,0.54,1,5.0,Apparel,Female
CUST01076,53,57630.48,199.24,1,165,199.24,0.53,17,16.0,Home,Female
CUST01077,56,80199.79,4535.65,16,1,283.48,0.19,22,14.0,Home,Female
CUST01078,56,72205.34,1564.9,18,2,86.94,0.37,109,17.0,Home,Male
CUST01079,39,42196.39,498.26,9,66,55.36,0.68,7,7.0,Grocery,Male
CUST01080,28,23192.64,209.18,2,10,104.59,0.53,3,13.0,Electronics,Other
CUST01081,38,71210.96,1629.5,21,2,77.6,0.11,119,15.0,Home,Male
CUST01082,41,38371.07,290.56,9,12,32.28,0.9,11,4.0,Apparel,Male
CUST01083,24,44002.59,151.41,1,153,151.41,0.44,7,16.0,Home,Female
CUST01084,26,,391.34,3,11,130.45,0.67,3,,Apparel,Female
CUST01085,22,38955.31,236.7,2,23,118.35,0.35,1,9.0,Electronics,Female
CUST01086,32,67996.95,200.56,2,170,100.28,0.35,27,20.0,Home,Female
CUST01087,33,62839.21,2005.28,21,9,95.49,0.17,111,4.0,Grocery,Male
CUST01088,35,43894.2,512.45,6,72,85.41,0.61,32,10.0,Grocery,Male
CUST01089,20,49464.47,203.44,1,2,203.44,0.67,0,12.0,Apparel,Male
CUST01090,33,50874.75,247.74,3,11,82.58,0.62,24,9.0,Grocery,Female
CUST01091,29,33778.43,145.98,1,10,145.98,0.65,3,9.0,Apparel,Female
CUST01092,31,86039.34,2390.05,16,6,149.38,0.26,103,9.0,Grocery,Male
CUST01093,43,,1875.42,19,4,98.71,0.12,27,,Apparel,Female
CUST01094,41,64092.25,61.95,2,151,30.98,0.42,36,14.0,Electronics,Female
CUST01095,26,31729.27,407.44,1,45,407.44,0.51,55,10.0,Grocery,Male
CUST01096,38,33761.16,371.39,6,22,61.9,0.65,32,6.0,Apparel,Female
CUST01097,23,38860.83,376.97,9,32,41.89,0.65,54,7.0,Apparel,Female
CUST01098,36,42938.76,483.96,6,25,80.66,0.53,59,8.0,Apparel,Female
CUST01099,43,72827.16,1763.77,20,4,88.19,0.21,32,12.0,Apparel,Male
CUST01100,34,71398.26,4588.8,12,1,382.4,0.1,33,9.0,Home,Female
CUST01101,25,45626.33,512.52,6,72,85.42,0.75,55,7.0,Grocery,Female
CUST01102,35,42596.25,231.51,1,27,231.51,0.41,0,11.0,Apparel,Male
CUST01103,27,44214.51,243.66,2,16,121.83,0.3,3,12.0,Apparel,Female
CUST01104,21,55988.45,265.56,2,28,132.78,0.54,0,3.0,Apparel,Female
CUST01105,29,53817.91,261.36,1,19,261.36,0.4,2,10.0,Apparel,Male
CUST01106,37,45260.89,351.09,7,36,50.16,0.73,51,7.0,Grocery,Male
CUST01107,38,90498.79,4449.53,19,13,234.19,0.05,31,4.0,Electronics,Other
CUST01108,30,59505.49,2128.09,22,19,96.73,0.19,90,12.0,Apparel,Male
CUST01109,43,62009.47,1632.71,20,15,81.64,0.2,52,17.0,Apparel,Female
CUST01110,38,33794.13,512.88,2,34,256.44,0.52,27,7.0,Apparel,Male
CUST01111,46,58349.7,2065.21,19,14,108.7,0.12,84,10.0,Home,Other
CUST01112,23,39809.52,460.92,4,51,115.23,0.59,59,9.0,Grocery,Female
CUST01113,43,29810.12,572.06,4,77,143.02,0.76,7,14.0,Grocery,Male
CUST01114,18,57221.9,104.18,2,115,52.09,0.52,28,11.0,Apparel,Male
CUST01115,54,66069.02,128.42,1,99,128.42,0.28,29,8.0,Electronics,Male
CUST01116,59,47986.98,189.37,1,78,189.37,0.58,13,17.0,Electronics,Male
CUST01117,25,33465.57,698.71,8,52,87.34,0.7,41,9.0,Grocery,Male
CUST01118,27,60970.51,217.25,8,14,27.16,0.54,1,8.0,Electronics,Female
CUST01119,56,93450.46,3260.47,16,1,203.78,0.13,7,9.0,Electronics,Male
CUST01120,43,35236.36,324.37,3,52,108.12,0.72,22,8.0,Grocery,Male
CUST01121,32,36270.61,367.58,2,33,183.79,0.69,1,9.0,Apparel,Female
CUST01122,24,27713.49,61.95,2,38,30.97,0.61,2,3.0,Electronics,Female
CUST01123,29,55507.24,175.46,1,31,175.46,0.64,1,6.0,Apparel,Male
CUST01124,49,58949.46,2399.2,15,19,159.95,0.14,44,11.0,Grocery,Male
CUST01125,31,77207.16,2147.79,20,18,107.39,0.36,32,18.0,Apparel,Male
CUST01126,63,47168.03,20.0,1,115,10.0,0.44,42,14.0,Home,Female
CUST01127,42,40196.11,428.05,7,20,61.15,0.71,20,6.0,Grocery,Other
CUST01128,37,56646.3,143.15,2,162,71.58,0.57,18,12.0,Home,Female
CUST01129,45,115971.62,4613.74,11,6,419.43,0.15,57,10.0,Luxury,Female
CUST01130,56,116708.43,3760.1,15,27,250.67,0.16,68,12.0,Electronics,Female
CUST01131,30,72771.79,1624.16,17,8,95.54,0.12,73,11.0,Apparel,Male
CUST01132,59,33918.66,221.83,2,159,110.92,0.37,45,11.0,Home,Male
CUST01133,41,41032.99,386.08,2,64,193.04,0.54,1,3.0,Grocery,Male
CUST01134,27,45391.86,383.94,6,21,63.99,0.84,43,3.0,Apparel,Female
CUST01135,43,81965.69,1544.48,20,17,77.22,0.39,117,11.0,Home,Male
CUST01136,24,47531.03,295.07,6,27,49.18,0.66,47,11.0,Grocery,Male
CUST01137,37,60162.24,168.4,1,19,168.4,0.41,3,9.0,Apparel,Male
CUST01138,26,39707.83,208.39,2,163,104.19,0.25,29,17.0,Apparel,Male
CUST01139,54,50293.87,101.0,1,87,101.0,0.3,4,14.0,Electronics,Male
CUST01140,27,45172.81,262.19,2,75,131.09,0.53,28,13.0,Home,Female
CUST01141,43,75436.81,1892.09,12,9,157.67,0.39,116,14.0,Apparel,Male
CUST01142,38,95157.07,4182.31,14,16,298.74,0.1,28,7.0,Electronics,Female
CUST01143,57,45147.49,1699.57,26,2,65.37,0.15,80,12.0,Grocery,Male
CUST01144,42,27656.73,202.09,1,86,202.09,0.43,36,11.0,Electronics,Female
CUST01145,41,138810.3,5002.03,19,19,263.26,0.24,45,11.0,Home,Female
CUST01146,28,61027.58,333.87,3,21,111.29,0.61,2,11.0,Apparel,Male
CUST01147,43,,1846.88,21,9,87.95,0.24,37,,Grocery,Female
CUST01148,51,78513.03,1588.35,12,9,132.36,0.26,57,15.0,Apparel,Female
CUST01149,22,32836.12,170.95,2,26,85.47,0.58,2,8.0,Electronics,Female
CUST01150,26,36134.05,20.0,4,13,10.0,0.33,3,13.0,Apparel,Female
CUST01151,36,92401.64,1637.32,12,19,136.44,0.26,69,15.0,Grocery,Female
CUST01152,45,62444.44,1619.13,23,6,70.4,0.19,92,12.0,Grocery,Male
CUST01153,41,49597.35,2047.28,25,1,81.89,0.14,65,9.0,Home,Female
CUST01154,39,47725.23,1917.85,20,13,95.89,0.29,73,12.0,Apparel,Male
CUST01155,31,83200.45,1888.99,28,7,67.46,0.2,25,6.0,Grocery,Female
CUST01156,50,93054.06,927.76,27,13,34.36,0.23,92,20.0,Grocery,Male
CUST01157,28,36814.49,617.04,4,37,154.26,0.68,22,10.0,Grocery,Female
CUST01158,22,67026.85,273.2,4,10,68.3,0.64,0,11.0,Apparel,Male
CUST01159,20,51939.14,348.67,2,26,174.33,0.55,3,4.0,Apparel,Female
CUST01160,31,44435.29,580.11,5,14,116.02,0.75,15,8.0,Apparel,Male
CUST01161,51,67437.43,2561.19,25,4,102.45,0.1,107,10.0,Home,Female
CUST01162,42,28503.48,564.47,1,31,564.47,0.7,15,7.0,Grocery,Female
CUST01163,46,75872.5,3324.03,12,9,277.0,0.16,81,14.0,Home,Male
CUST01164,31,77885.3,1600.64,19,18,84.24,0.38,118,11.0,Home,Male
CUST01165,33,34698.25,243.27,7,88,34.75,0.59,50,3.0,Apparel,Female
CUST01166,40,60507.86,1412.88,22,1,64.22,0.36,81,21.0,Apparel,Female
CUST01167,49,78903.65,2134.55,16,12,133.41,0.31,49,9.0,Apparel,Female
CUST01168,42,48852.9,121.99,4,150,30.5,0.48,43,15.0,Apparel,Male
CUST01169,29,32318.97,222.26,5,43,44.45,0.66,33,3.0,Grocery,Male
CUST01170,31,117386.33,4522.37,18,3,251.24,0.02,10,18.0,Home,Male
CUST01171,33,59335.72,2126.49,16,1,132.91,0.34,67,9.0,Grocery,Female
CUST01172,39,60735.14,178.08,2,38,89.04,0.69,1,12.0,Apparel,Male
CUST01173,56,56068.4,1401.61,18,2,77.87,0.17,65,14.0,Apparel,Female
CUST01174,45,104308.7,3357.75,12,15,279.81,0.11,15,10.0,Electronics,Female
CUST01175,46,55239.67,2385.55,25,17,95.42,0.24,40,10.0,Apparel,Male
CUST01176,55,32123.42,190.65,4,139,47.66,0.31,21,20.0,Apparel,Female
CUST01177,55,61150.54,1913.11,18,5,106.28,0.36,78,18.0,Home,Male
CUST01178,29,38499.58,516.07,7,61,73.72,0.89,17,4.0,Grocery,Female
CUST01179,53,61158.42,1888.08,22,7,85.82,0.19,96,8.0,Apparel,Male
CUST01180,46,39384.92,226.67,1,158,226.67,0.51,27,16.0,Home,Female
CUST01181,38,48572.23,155.46,1,29,155.46,0.48,3,6.0,Apparel,Female
CUST01182,33,126084.55,2870.06,9,22,318.9,0.06,55,14.0,Home,Female
CUST01183,38,99765.82,1519.86,23,11,66.08,0.22,27,8.0,Apparel,Female
CUST01184,32,45399.34,177.65,3,27,59.22,0.41,2,6.0,Apparel,Female
CUST01185,22,33132.5,498.79,8,53,62.35,0.66,28,7.0,Grocery,Female
CUST01186,33,39227.55,420.33,5,21,84.07,0.62,2,5.0,Apparel,Female
CUST01187,40,71689.2,1794.56,23,8,78.02,0.22,37,9.0,Apparel,Female
CUST01188,30,56252.89,280.76,4,50,70.19,0.56,14,7.0,Grocery,Female
CUST01189,43,118143.39,3828.85,14,26,273.49,0.24,80,7.0,Electronics,Male
CUST01190,31,49297.58,1885.35,13,2,145.03,0.33,93,25.0,Grocery,Male
CUST01191,24,50614.8,349.44,6,86,58.24,0.64,28,5.0,Apparel,Male
CUST01192,46,64787.09,234.59,3,153,78.2,0.58,13,13.0,Home,Female
CUST01193,51,126884.84,5081.99,11,16,462.0,0.2,29,13.0,Electronics,Female
CUST01194,31,74989.94,2255.53,21,8,107.41,0.34,69,8.0,Grocery,Female
CUST01195,35,38593.77,500.39,5,70,100.08,0.66,12,4.0,Grocery,Female
CUST01196,32,33536.7,234.51,3,36,78.17,0.58,1,11.0,Electronics,Male
CUST01197,38,53881.66,451.7,4,42,112.92,0.42,0,10.0,Electronics,Male
CUST01198,20,24234.41,319.83,1,9,319.83,0.39,1,7.0,Apparel,Male
CUST01199,56,65602.66,1890.91,20,1,94.55,0.36,67,17.0,Grocery,Female
CUST01200,38,45300.82,557.84,2,45,278.92,0.58,54,4.0,Grocery,Male
